Mircea Abrudean;;1;'';'Mircea Abrudean';'1';'PNL';'{}'
Mariana-Vali Aldea;1987-09-01;1;'';'';'2';'POT';'{}'
Victoria-Violeta Alexandru;1975-11-11;1;'';'Victoria-Violeta Alexandru';'3';'USR';'{"2024": 1, "2020": 2}'
Razvan-Paul Anghel;1972-11-15;1;'';'';'4';'USR';'{}'
Monica-Cristina Anisie;1973-07-19;1;'';'Monica-Cristina Anisie';'5';'PNL';'{"2024": 1, "2020": 1}'
Antal István-Loránt;1981-10-19;1;'';'Antal István-Loránt';'6';'UDMR';'{"2024": 1, "2020": 1, "2016": 1}'
Dorina Barcari;1950-02-19;1;'';'';'7';'AUR';'{}'
Cristian Bem;1972-11-23;1;'';'';'8';'SOS';'{}'
Andra Bică;1982-06-30;1;'';'';'9';'PSD';'{}'
Vasile Blaga;1956-07-26;1;'';'Vasile Blaga';'10';'PNL';'{"2024": 1, "2012": 1, "2008": 1, "2004": 1, "1996": 1, "1990": 2}'
George-Cătălin Bochileanu;1988-06-15;1;'';'';'11';'USR';'{}'
Marius Bodea;1976-06-09;1;'';'Marius Bodea';'12';'USR';'{"2024": 1, "2020": 1, "2016": 2}'
Ilie-Gavril Bolojan;1969-03-17;1;'';'Ilie-Gavril Bolojan';'13';'PNL';'{}'
Ștefan Borțun;1970-04-12;1;'';'';'14';'POT';'{}'
Oana-Constantina Buzatu;1983-08-29;1;'';'';'16';'PSD';'{}'
Ionel Carp;1976-06-18;1;'';'';'17';'SOS';'{}'
Dan Cașcaval;1964-11-20;1;'';'';'18';'PSD';'{}'
Claudiu-Daniel  Catana;1987-02-08;1;'';'';'19';'PSD';'{}'
Robert-Marius Cazanciuc;1971-11-26;1;'';'Robert-Marius Cazanciuc';'20';'PSD';'{"2024": 1, "2020": 1}'
Sebastian Cernic;1982-05-06;1;'';'Sebastian Cernic';'21';'USR';'{"2024": 1, "2020": 1}'
Mircia Chelaru;1949-07-03;1;'';'Mircia Chelaru';'22';'AUR';'{"2024": 1, "2020": 2}'
Costache Chertif;1955-11-01;1;'';'';'23';'AUR';'{}'
Ruxandra Cibu Deaconu;1979-03-07;1;'';'';'24';'USR';'{}'
Nicolae-Ionel Ciucă;1967-02-07;1;'';'Nicolae-Ionel Ciucă';'25';'PNL';'{"2024": 1, "2020": 1}'
Ionuț-Ciprian Ciuperceanu;1986-01-26;1;'';'';'26';'PSD';'{}'
Sorin Mihai Cîmpeanu;1968-04-18;1;'';'Sorin Mihai Cîmpeanu';'27';'PNL';'{"2024": 1, "2020": 1, "2016": 2}'
Rodica Constantinescu;1984-03-02;1;'';'';'28';'AUR';'{}'
Titus Corlățean;1968-01-11;1;'';'Titus Corlățean';'29';'PSD';'{"2024": 1, "2020": 1, "2016": 1, "2012": 1, "2008": 1, "2004": 2}'
Silviu-Iulian Coșa;1970-07-11;1;'';'';'30';'PNL';'{}'
Mihai Coteț;1973-12-11;1;'';'';'31';'PNL';'{}'
Császár Károly Zsolt;1974-10-20;1;'';'Császár Károly Zsolt';'32';'UDMR';'{"2024": 1, "2020": 1, "2016": 1}'
Rodica Cușnir;1975-02-03;1;'';'';'33';'SOS';'{}'
Ambrozie-Irineu Darău;1986-10-12;1;'';'Ambrozie-Irineu Darău';'34';'USR';'{"2024": 1, "2020": 1}'
Andrei-Emil Dîrlău;;1;'';'';'35';'AUR';'{"2024": 1, "2020": 1}'
Elena-Adelina Dobra;1990-05-04;1;'';'';'36';'USR';'{}'
Eugen Dogariu;1977-04-21;1;'';'Eugen Dogariu';'37';'PSD';'{"2024": 1, "2020": 1}'
Marius-Alexandru Dunca;1980-07-19;1;'';'Marius-Alexandru Dunca';'38';'PSD';'{"2024": 1, "2020": 1}'
Doina Elena Federovici;1974-05-30;1;'';'Doina Elena Federovici';'39';'PSD';'{"2024": 1, "2016": 1, "2012": 1}'
Cătălin-Daniel Fenechiu;1969-11-20;1;'';'Cătălin-Daniel Fenechiu';'40';'PNL';'{"2024": 1, "2020": 1, "2016": 1, "2012": 2}'
Ionel Floroiu;1962-11-14;1;'';'Ionel Floroiu';'41';'PSD';'{"2024": 1, "2020": 2, "2016": 2}'
Gheorghe Flutur;1960-07-08;1;'';'Gheorghe Flutur';'42';'PNL';'{"2024": 1, "2012": 1, "2004": 1, "2000": 1}'
Liviu-Iulian Fodoca;1978-10-15;1;'';'';'43';'POT';'{}'
Ștefan Geamănu;1985-06-24;1;'';'';'44';'AUR';'{}'
Daniel-Paul-Romeo Gheorghe;1977-02-05;1;'';'';'45';'SOS';'{}'
Cristian Ghinea ;1977-07-20;1;'';'Cristian Ghinea';'46';'USR';'{"2024": 1, "2016": 2}'
Robert-Daniel Ghiță;1981-12-15;1;'';'';'47';'POT';'{}'
Cătălin Graur;1977-07-25;1;'';'';'48';'PSD';'{}'
Maria-Gabriela Horga;1985-12-25;1;'';'Maria-Gabriela Horga';'49';'PNL';'{"2024": 1, "2020": 2}'
Marius Humelnicu;1977-10-22;1;'';'Marius Humelnicu';'50';'PSD';'{"2024": 1, "2020": 1}'
Constantin-Ciprian Iacob;1981-09-30;1;'';'Constantin-Ciprian Iacob';'51';'AUR';'{}'
Florin-Nicolae Jianu;;1;'';'';'52';'PSD';'{}'
Ovidiu Jitaru;1962-05-19;1;'';'';'53';'PNL';'{}'
Ágota Kondor;1965-11-17;1;'';'';'54';'UDMR';'{}'
Maté Kovács;1978-11-14;1;'';'';'55';'UDMR';'{}'
Sorin Lavric;1967-11-27;1;'';'Sorin Lavric';'56';'AUR';'{"2024": 1, "2020": 1}'
Dumitru Manea;1956-06-27;1;'';'';'57';'SOS';'{}'
Călin-Petru Marian;1971-09-27;1;'';'';'58';'PNL';'{}'
Liviu-Lucian Mazilu;1966-11-23;1;'';'Liviu-Lucian Mazilu';'59';'PSD';'{"2024": 1, "2020": 1, "2016": 1}'
Luca Mălăiescu;1967-06-17;1;'';'';'60';'PSD';'{}'
Lucian Mărginean;1968-02-05;1;'';'';'61';'PSD';'{}'
Daniela Mihai;1971-06-28;1;'';'';'62';'PSD';'{}'
Ion-Narcis Mircescu;1976-03-04;1;'';'Ion-Narcis Mircescu';'63';'USR';'{"2024": 1, "2020": 1}'
Cătălin-Emil Mîndru;1975-08-03;1;'';'';'64';'USR';'{}'
Aurel-George Mohan;;1;'';'';'65';'PSD';'{}'
Sorin Moise;1980-12-21;1;'';'';'66';'PSD';'{}'
Nicolae Neagu;1959-12-06;1;'';'Nicolae Neagu';'67';'PNL';'{"2024": 1, "2020": 1, "2016": 2, "2012": 1, "2004": 1}'
Eugen-Remus Negoi;1970-11-16;1;'';'Eugen-Remus Negoi';'68';'USR';'{"2024": 1, "2020": 1}'
Corneliu Negru;1968-11-09;1;'';'';'69';'AUR';'{}'
Cristian-Augustin Niculescu-Țâgârlaș;1977-08-25;1;'';'Cristian-Augustin Niculescu-Țâgârlaș';'70';'PNL';'{"2024": 1, "2020": 1}'
Levente Novak;;1;'';'';'71';'UDMR';'{"2024": 1, "2020": 1}'
Olga Onea;1982-02-01;1;'';'';'72';'SOS';'{}'
Aurel Oprinoiu;1972-10-26;1;'';'Aurel Oprinoiu';'73';'USR';'{"2024": 1, "2020": 1}'
Carmen Orban;1968-11-22;1;'';'';'74';'PSD';'{}'
Teofil Parasca;1965-08-08;1;'';'';'75';'AUR';'{}'
Nicoleta Pauliuc;1971-05-11;1;'';'Nicoleta Pauliuc';'76';'PNL';'{"2024": 1, "2020": 1, "2016": 1}'
Răducu-Adrian Păduraru;1977-07-25;1;'';'';'77';'PSD';'{}'
Ștefan Pălărie;1978-07-12;1;'';'Ștefan Pălărie';'78';'USR';'{"2024": 1, "2020": 1}'
Luminița Păucean-Fernandes;1977-07-06;1;'';'';'79';'AUR';'{}'
Ana-Cynthia-Ioana Păun;1987-04-11;1;'';'';'80';'USR';'{}'
Ninel Peia;1969-10-07;1;'';'Ninel Peia';'81';'SOS';'{"2024": 1, "2012": 2}'
Grigore-Adrian Peiu;1978-07-25;1;'';'';'82';'SOS';'{}'
Petrișor-Gabriel Peiu;1967-06-29;1;'';'';'83';'AUR';'{}'
George-Cezar Petre;1979-03-26;1;'';'';'84';'AUR';'{}'
Dorin Silviu Petrea;1978-02-02;1;'';'Dorin Silviu Petrea';'85';'SOS';'{"2024": 1, "2012": 2}'
Paul-Ciprian Pintea;1987-11-02;1;'';'';'86';'POT';'{}'
Laurențiu Plăeșu;1968-04-07;1;'';'';'87';'AUR';'{}'
Marian-Cătălin Predoiu;1968-08-27;1;'';'Marian-Cătălin Predoiu';'88';'PNL';'{"2024": 1, "2020": 2, "2016": 2}'
Alexandra Presură;1984-09-16;1;'';'Alexandra Presură';'89';'PSD';'{"2024": 1, "2020": 2, "2016": 2}'
Ovidiu Puiu;1969-07-08;1;'';'Ovidiu Puiu';'90';'PSD';'{"2024": 1, "2020": 1}'
Claudiu-Vasile Răcuci;1971-04-29;1;'';'Claudiu-Vasile Răcuci';'91';'PNL';'{"2024": 1, "2020": 1, "2016": 2}'
Cornel-Cristian Resmeriță;1980-01-26;1;'';'Cornel-Cristian Resmeriță';'92';'PSD';'{"2024": 1, "2020": 1, "2016": 1, "2012": 2, "2008": 2}'
Liviu Sorin Robe;1977-10-28;1;'';'';'93';'POT';'{}'
Marius-Valentin Roman;1982-06-22;1;'';'';'94';'AUR';'{}'
Ion-Cristinel Rujan;1972-10-29;1;'';'Ion-Cristinel Rujan';'95';'PSD';'{"2024": 1, "2020": 1}'
Vasile-Ciprian Rus;1981-04-26;1;'';'';'96';'USR';'{}'
Ioan-Cristian Rusu;1986-03-21;1;'';'';'97';'SOS';'{}'
Petrică Lucian Rusu;1984-06-20;1;'';'';'98';'PNL';'{}'
Mircea-Ionuț Sandu;1981-04-07;1;'';'';'99';'AUR';'{}'
Clement Sava;1976-10-19;1;'';'';'100';'SOS';'{}'
Cătălin Silegeanu;1984-05-13;1;'';'';'101';'AUR';'{}'
Dumitru Spau;1978-11-18;1;'';'';'102';'AUR';'{}'
Ioan Stan;1956-03-03;1;'';'Ioan Stan';'103';'PSD';'{"2024": 1, "2020": 1, "2016": 1, "2012": 2, "2008": 2, "2004": 2, "2000": 2}'
Paul Stănescu;1957-08-25;1;'';'Paul Stănescu';'104';'PSD';'{"2024": 1, "2020": 1, "2016": 1}'
Niculina Stelea;1965-01-07;1;'';'';'105';'AUR';'{}'
Ciprian-Titi Stoica;1982-05-01;1;'';'Ciprian-Titi Stoica';'106';'AUR';'{"2024": 1, "2020": 2}'
Victoria Stoiciu;1979-05-14;1;'';'';'107';'PSD';'{}'
Adrian Streinu Cercel;1956-08-30;1;'';'Adrian Streinu Cercel';'108';'PSD';'{"2024": 1, "2020": 1}'
Felix Stroe;1955-12-25;1;'';'Felix Stroe';'109';'PSD';'{"2024": 1, "2020": 1}'
Eugen-Cristian Șipoș;1971-07-18;1;'';'';'110';'AUR';'{}'
Sorin-Gheorghe Șipoș;1970-04-17;1;'';'';'111';'USR';'{}'
Gheorghe Ștefănache;1971-07-02;1;'';'';'112';'USR';'{}'
Daniela Ștefănescu;1960-02-11;1;'';'';'113';'AUR';'{}'
Barna Tánczos;1976-05-25;1;'';'Tánczos Barna';'114';'UDMR';'{"2024": 1, "2020": 1, "2016": 1, "2012": 1}'
Istvan-Szilard Tasnadi;1991-03-13;1;'';'';'115';'UDMR';'{}'
Alina-Elena Tănăsescu;1975-10-26;1;'';'Alina-Elena Tănăsescu';'116';'PSD';'{"2024": 1, "2020": 2, "2016": 2}'
Lóránd Turos;1977-03-18;1;'';'Turos Lóránd';'117';'UDMR';'{"2024": 1, "2020": 1, "2016": 1}'
Glad-Aurel Varga;1986-05-25;1;'';'Glad-Aurel Varga';'118';'PNL';'{"2024": 1, "2020": 2, "2016": 2}'
Marian Vasile;1980-06-08;1;'';'';'119';'AUR';'{}'
Cristian Vântu;1973-10-05;1;'';'';'120';'AUR';'{}'
Gheorghe Vela;1976-03-26;1;'';'';'121';'POT';'{}'
Mihail Veștea;1958-07-18;1;'';'Mihail Veștea';'122';'PNL';'{"2024": 1, "2020": 1}'
Nicolae Vlahu;1989-09-24;1;'';'';'123';'AUR';'{}'
Sorin Vlașin;1971-04-19;1;'';'Sorin Vlașin';'124';'PSD';'{"2024": 1, "2020": 1}'
Virgiliu-George Vlăescu;1969-06-20;1;'';'';'125';'AUR';'{}'
Daniel-Cătălin Zamfir;1967-03-10;1;'';'Daniel-Cătălin Zamfir';'126';'PSD';'{"2024": 1, "2020": 1, "2016": 1, "2012": 2}'
Elena-Simona Spătaru;1978-09-04;1;'';'Elena-Simona Spătaru';'127';'USR';'{"2024": 1, "2020": 1}'
Nadia-Cosmina Cerva;1975-10-08;1;'';'';'128';'SOS';'{}'
Attila Cseke;1973-06-09;1;'';'Cseke Attila-Zoltán';'129';'UDMR';'{"2024": 1, "2020": 1, "2016": 1, "2012": 2, "2008": 1}'
Mircea-Cristian Nicula;1977-06-27;1;'';'';'130';'PSD';'{}'
Vasilică Potecă;1963-03-01;1;'';'Vasilică Potecă';'131';'AUR';'{"2024": 1, "2020": 1}'
László-Ödön Fejér;1961-11-11;1;'';'Fejér László-Ődőn';'132';'UDMR';'{"2024": 1, "2020": 1, "2016": 1, "2012": 2}'
Cristina-Gabriella Dumitrescu;1982-05-11;1;'';'';'133';'AUR';'{}'
Mirela Elena Adomnicăi;1970-08-15;2;'';'Mirela Elena Adomnicăi';'1';'PSD';'{"2024": 2, "2020": 2, "2004": 2}'
Sorin-Alexandru Afloarei;;2;'';'Sorin-Alexandru Afloarei';'2';'PNL';'{}'
Dumitrița Albu;;2;'';'Dumitrița Albu';'3';'POT';'{}'
Marius-Nicolae Alecsandru;;2;'';'Marius-Nicolae Alecsandru';'4';'USR';'{}'
Robert Alecu;;2;'';'Robert Alecu';'5';'AUR';'{}'
Varol Amet;1972-12-09;2;'';'Varol Amet';'6';'';'{"2024": 2, "2020": 2, "2012": 2}'
Alexandru-Ioan Andrei;1985-01-02;2;'';'Alexandru-Ioan Andrei';'7';'PNL';'{"2024": 2, "2020": 2, "2016": 2}'
Cosmin Andrei;;2;'';'Cosmin Andrei';'8';'SOS';'{}'
Gabriel Andronache;1974-09-22;2;'';'Gabriel Andronache';'9';'PNL';'{"2024": 2, "2020": 2, "2016": 2, "2012": 2, "2008": 2}'
Lucian-Nicolae Andrușcă;;2;'';'Lucian-Nicolae Andrușcă';'10';'POT';'{}'
Dan-Cătălin Artimon;;2;'';'Dan-Cătălin Artimon';'11';'AUR';'{}'
Corina Atanasiu;;2;'';'Corina Atanasiu';'12';'USR';'{}'
Ștefăniță-Alin Avrămescu;;2;'';'Ștefăniță-Alin Avrămescu';'13';'AUR';'{}'
Romică-Andrei Baciu;;2;'';'Romică-Andrei Baciu';'14';'PNL';'{}'
Nelu-Valentin Badea;;2;'';'Nelu-Valentin Badea';'15';'AUR';'{}'
Georgel Badiu;1968-05-24;2;'';'Georgel Badiu';'16';'AUR';'{"2024": 2, "2020": 2}'
Ioan Balan;1967-01-22;2;'';'Ioan Balan';'17';'PNL';'{"2024": 2, "2020": 2, "2016": 2, "2012": 2, "2008": 2}'
Nicolae-Adrian Bara;;2;'';'Nicolae-Adrian Bara';'18';'PSD';'{}'
Florin-Ionuț Barbu;1980-09-04;2;'';'Florin-Ionuț Barbu';'19';'PSD';'{"2024": 2, "2020": 2}'
Tiberiu-Claudiu Barstan;;2;'';'Tiberiu-Claudiu Barstan';'20';'AUR';'{}'
Ana-Marcela Baș;;2;'';'Ana-Marcela Baș';'21';'SOS';'{}'
Ștefan-Alexandru Băișanu;1968-01-03;2;'';'Ștefan-Alexandru Băișanu';'22';'SOS';'{"2024": 2, "2016": 2, "2012": 2}'
George Becali;1958-06-25;2;'';'George Becali';'23';'AUR';'{"2024": 2, "2012": 2}'
Eugen Bejinariu;1959-01-28;2;'';'Eugen Bejinariu';'24';'PSD';'{"2024": 2, "2020": 2, "2016": 2, "2012": 2, "2008": 2, "2004": 2}'
Bende Sándor;1969-05-29;2;'';'Bende Sándor';'25';'UDMR';'{"2024": 2, "2020": 2, "2016": 2}'
Monica-Elena Berescu;1987-05-21;2;'';'Monica-Elena Berescu';'26';'USR';'{"2024": 2, "2020": 2}'
Daniel-Răzvan Biro;;2;'';'Daniel-Răzvan Biro';'27';'AUR';'{}'
Biró Rozália-Ibolya;1965-05-13;2;'';'Biró Rozália-Ibolya';'28';'UDMR';'{"2024": 2, "2020": 2, "2016": 2, "2012": 1}'
Daniel-Codruț Blaga;1980-06-13;2;'';'Daniel-Codruț Blaga';'29';'USR';'{"2024": 2, "2020": 2}'
Lucian Nicolae Bode;1974-10-27;2;'';'Lucian Nicolae Bode';'30';'PNL';'{"2024": 2, "2020": 2, "2016": 2, "2012": 2, "2008": 2}'
Ionel-Ovidiu Bogdan;;2;'';'Ionel-Ovidiu Bogdan';'31';'PNL';'{}'
Lucian-Gabriel Bogdănel;;2;'';'Lucian-Gabriel Bogdănel';'32';'PSD';'{}'
Alexandru Bordian;;2;'';'Alexandru Bordian';'33';'AUR';'{}'
George-Mădălin Borș;;2;'';'George-Mădălin Borș';'34';'PSD';'{}'
Tiberiu-Nicolae Boșutar;;2;'';'Tiberiu-Nicolae Boșutar';'35';'AUR';'{}'
Mihai-Cătălin Botez;1986-03-29;2;'';'Mihai-Cătălin Botez';'36';'USR';'{"2024": 2, "2020": 2, "2016": 2}'
Ștefan Bouda;;2;'';'Ștefan Bouda';'37';'';'{}'
Ramona-Ioana Bruynseels;;2;'';'Ramona-Ioana Bruynseels';'38';'AUR';'{}'
Ariana-Oana Bucur;;2;'';'Ariana-Oana Bucur';'39';'PSD';'{}'
Simona Bucura-Oprescu;1980-04-02;2;'';'Simona Bucura-Oprescu';'40';'PSD';'{"2024": 2, "2020": 2, "2016": 2, "2012": 2}'
Vasile Budacă;1975-01-01;2;'';'Vasile Budacă';'41';'PSD';'{"2024": 2, "2020": 2}'
Marius-Constantin Budăi;1972-05-01;2;'';'Marius-Constantin Budăi';'42';'PSD';'{"2024": 2, "2020": 2, "2016": 2}'
Cristian Buican;1966-09-16;2;'';'Cristian Buican';'43';'PNL';'{"2024": 2, "2020": 2, "2016": 2, "2012": 2, "2008": 2}'
Iulian Bulai;1987-12-02;2;'';'Iulian Bulai';'44';'USR';'{"2024": 2, "2020": 2, "2016": 2}'
Marius-Felix Bulearcă;;2;'';'Marius-Felix Bulearcă';'45';'USR';'{}'
Sebastian-Ioan Burduja;1985-06-18;2;'';'Sebastian-Ioan Burduja';'46';'PNL';'{"2024": 2, "2020": 2}'
Cristina-Irina Butură;;2;'';'Cristina-Irina Butură';'47';'AUR';'{}'
Diana-Anda Buzoianu;1994-05-16;2;'';'Diana-Anda Buzoianu';'48';'USR';'{"2024": 2, "2020": 2}'
Răzvan-Olimpiu Cadar;;2;'';'Răzvan-Olimpiu Cadar';'49';'PNL';'{}'
Florin Caragață;;2;'';'Florin Caragață';'50';'SOS';'{}'
Adrian Câciu;;2;'';'Adrian Câciu';'51';'PSD';'{}'
Maria Cernit;;2;'';'Maria Cernit';'52';'POT';'{}'
Crina-Fiorela Chilat;;2;'';'Crina-Fiorela Chilat';'53';'PSD';'{}'
Virgil Alin Chirilă;1983-05-28;2;'';'Virgil Alin Chirilă';'54';'PSD';'{"2024": 2, "2020": 2}'
Răzvan-Mirel Chiriță;;2;'';'Răzvan-Mirel Chiriță';'55';'POT';'{}'
Adrian-Virgil Ciobanu;;2;'';'Adrian-Virgil Ciobanu';'56';'PNL';'{}'
Dragoș-Fănică Ciobotaru;;2;'';'Dragoș-Fănică Ciobotaru';'57';'PNL';'{}'
Doinița Ciocan;;2;'';'Doinița Ciocan';'58';'PSD';'{}'
Ion-Marcel Ciolacu;1967-11-28;2;'';'Ion-Marcel Ciolacu';'59';'PSD';'{"2024": 2, "2020": 2, "2016": 2, "2012": 2}'
Daniel-Cătălin Ciornei;;2;'';'Daniel-Cătălin Ciornei';'60';'AUR';'{}'
Răzvan-Iulian Ciortea;;2;'';'Răzvan-Iulian Ciortea';'61';'PSD';'{"2024": 2, "2020": 1}'
Ciprian Ciubuc;1985-12-07;2;'';'Ciprian Ciubuc';'62';'SOS';'{"2024": 2, "2020": 2}'
Liviu-Bogdan Ciucă;1968-10-13;2;'';'Liviu-Bogdan Ciucă';'63';'PSD';'{"2024": 2, "2012": 2, "2008": 2, "2004": 2}'
Ionel Ciunt;;2;'';'Ionel Ciunt';'64';'PSD';'{}'
Cristian-Emanuel Cîmpan;;2;'';'Cristian-Emanuel Cîmpan';'65';'POT';'{}'
Ovidiu-Vasile Cîmpean;;2;'';'Ovidiu-Vasile Cîmpean';'66';'PNL';'{}'
Andreea-Petronela Cîmpianu;;2;'';'Andreea-Petronela Cîmpianu';'67';'SOS';'{}'
Florin-Eugen Cîrligea;;2;'';'Florin-Eugen Cîrligea';'68';'AUR';'{}'
Ariadna-Elena Cîrligeanu;;2;'';'Ariadna-Elena Cîrligeanu';'69';'AUR';'{}'
Dumitru Coarnă;1964-06-05;2;'';'Dumitru Coarnă';'70';'SOS';'{"2024": 2, "2020": 2}'
Petru-Bogdan Cojocaru;1983-08-30;2;'';'Petru-Bogdan Cojocaru';'71';'PSD';'{"2024": 2, "2016": 2}'
Ilie-Alin Coleșa;1976-06-17;2;'';'Ilie-Alin Coleșa';'72';'AUR';'{"2024": 2, "2020": 2}'
Allen Coliban;1979-06-03;2;'';'Allen Coliban';'73';'USR';'{"2024": 2, "2016": 1}'
Dragoș-Florin Coman;;2;'';'Dragoș-Florin Coman';'74';'AUR';'{}'
Andra-Claudia Constantinescu;;2;'';'Andra-Claudia Constantinescu';'75';'SOS';'{}'
Sergiu-Mircea Constantinescu;;2;'';'Sergiu-Mircea Constantinescu';'76';'PSD';'{}'
Codruța-Maria Corcheș;;2;'';'Codruța-Maria Corcheș';'77';'POT';'{}'
Cosmin-Ioan Corendea;1976-05-20;2;'';'Cosmin-Ioan Corendea';'78';'AUR';'{}'
Ilie-Aurelian Cotinescu;;2;'';'Ilie-Aurelian Cotinescu';'79';'PNL';'{}'
Paul-Claudiu Cotîrleț;;2;'';'Paul-Claudiu Cotîrleț';'80';'PSD';'{}'
Adrian-Felician Cozma;1986-08-30;2;'';'Adrian-Felician Cozma';'81';'PNL';'{"2024": 2, "2020": 2}'
Brian Cristian;1990-06-14;2;'';'Brian Cristian';'82';'USR';'{"2024": 2, "2020": 2}'
Ognean Crîstici;1965-09-01;2;'';'Ognean Crîstici';'83';'';'{"2024": 2, "2020": 2}'
Marian Crușoveanu;1981-12-19;2;'';'Marian Crușoveanu';'84';'PNL';'{"2024": 2, "2020": 2}'
Éva-Andrea Csép;1976-10-27;2;'';'Csép Éva-Andrea';'85';'UDMR';'{"2024": 2, "2020": 2, "2016": 2}'
Andrei Csillag;;2;'';'Andrei Csillag';'86';'POT';'{}'
Botond Csoma;1975-02-18;2;'';'Csoma Botond';'87';'UDMR';'{"2024": 2, "2020": 2, "2016": 2}'
Mihai Culeafă;1971-05-17;2;'';'Mihai Culeafă';'88';'PNL';'{"2024": 2, "2016": 2}'
Cristina-Emanuela Dascălu;;2;'';'Cristina-Emanuela Dascălu';'89';'AUR';'{}'
Alexandru-Paul Dimitriu;;2;'';'Alexandru-Paul Dimitriu';'90';'USR';'{}'
Elena Doboș;;2;'';'Elena Doboș';'91';'AUR';'{}'
Ciprian-Minodor Dobre;1971-04-26;2;'';'Ciprian-Minodor Dobre';'92';'PNL';'{"2024": 2, "2008": 2}'
Andrei Dolineaschi;1975-06-21;2;'';'Andrei Dolineaschi';'93';'PSD';'{"2024": 2, "2012": 2, "2008": 2}'
Vlad-Florentin Drinceanu;;2;'';'Vlad-Florentin Drinceanu';'95';'PSD';'{}'
Cătălin Drulă;1981-05-02;2;'';'Cătălin Drulă';'96';'USR';'{"2024": 2, "2020": 2, "2016": 2}'
Costel Neculai Dunava;1978-03-07;2;'';'Costel Neculai Dunava';'97';'PSD';'{"2024": 2, "2020": 2, "2016": 2}'
Adrian Echert;;2;'';'Adrian Echert';'98';'USR';'{}'
Diana Enache;;2;'';'Diana Enache';'99';'AUR';'{}'
Mihai-Adrian Enache;;2;'';'Mihai-Adrian Enache';'100';'AUR';'{}'
Raisa Enachi;1982-03-10;2;'';'Raisa Enachi';'101';'SOS';'{"2024": 2, "2020": 2}'
Gabriela-Corina Ene;;2;'';'Gabriela-Corina Ene';'102';'PSD';'{}'
Mădălin-Laurențiu Făget;;2;'';'Mădălin-Laurențiu Făget';'103';'SOS';'{}'
Mircea Fechet;1980-07-01;2;'';'Mircea Fechet';'104';'PNL';'{"2024": 2, "2020": 2}'
Silviu Feodor;1973-08-13;2;'';'Silviu Feodor';'105';'';'{"2024": 2, "2020": 2}'
Mihai-Viorel Fifor;1970-05-10;2;'';'Mihai-Viorel Fifor';'106';'PSD';'{"2024": 2, "2020": 2}'
Iulius Marian Firczak;1979-10-14;2;'';'Iulius Marian Firczak';'107';'';'{"2024": 2, "2020": 2, "2016": 2}'
Gabriel-Florinel Florea;;2;'';'Gabriel-Florinel Florea';'108';'AUR';'{}'
Mirela Furtună;1980-11-15;2;'';'Mirela Furtună';'109';'PSD';'{"2024": 2, "2020": 2, "2016": 2}'
Călin-Grațian Gal;;2;'';'Călin-Grațian Gal';'110';'PNL';'{}'
Károly Gál;1973-09-20;2;'';'Gál Károly';'111';'UDMR';'{"2024": 2, "2020": 2}'
Ovidiu Victor Ganț;1966-08-18;2;'';'Ovidiu Victor Ganț';'112';'';'{"2024": 2, "2020": 2, "2016": 2, "2012": 2, "2008": 2, "2004": 2}'
Anamaria Gavrilă;1983-10-15;2;'';'Anamaria Gavrilă';'113';'POT';'{"2024": 2, "2020": 2}'
Bianca-Eugenia Gavrilă;;2;'';'Bianca-Eugenia Gavrilă';'114';'POT';'{}'
Grațiela Leocadia Gavrilescu;1966-06-24;2;'';'Grațiela Leocadia Gavrilescu';'115';'PSD';'{"2024": 2, "2020": 2, "2016": 2, "2012": 2, "2008": 2, "2004": 2}'
Aurora-Adela Geamănu;;2;'';'Aurora-Adela Geamănu';'116';'PSD';'{}'
Gheorghe-Daniel Georgescu;;2;'';'Gheorghe-Daniel Georgescu';'117';'PSD';'{}'
Andrei Daniel Gheorghe;1985-07-27;2;'';'Andrei Daniel Gheorghe';'118';'PNL';'{"2024": 2, "2020": 2, "2016": 2, "2012": 2}'
Ionel Gheorghe;;2;'';'Ionel Gheorghe';'119';'AUR';'{}'
Mihai-Claudiu Gheorghe;;2;'';'Mihai-Claudiu Gheorghe';'120';'AUR';'{}'
Andrei-Florin Gheorghiu;;2;'';'Andrei-Florin Gheorghiu';'121';'USR';'{}'
Giureci-Slobodan Ghera;1979-04-15;2;'';'Giureci-Slobodan Ghera';'122';'';'{"2024": 2, "2020": 2, "2016": 2, "2012": 2}'
Laura Gherasim;;2;'';'Laura Gherasim';'123';'AUR';'{}'
Alexandru-Mihai Ghigiu;;2;'';'Alexandru-Mihai Ghigiu';'124';'PSD';'{}'
George Gima;;2;'';'George Gima';'125';'USR';'{}'
Adrian Giurgiu;1991-10-30;2;'';'Adrian Giurgiu';'126';'USR';'{"2024": 2, "2020": 2}'
Dumitrița Gliga;1980-08-02;2;'';'Dumitrița Gliga';'127';'PSD';'{"2024": 2, "2020": 2}'
Ionel Goidescu;;2;'';'Ionel Goidescu';'128';'SOS';'{}'
Alina-Ștefania Gorghiu;1978-09-16;2;'';'Alina-Ștefania Gorghiu';'129';'PNL';'{"2024": 2, "2020": 1, "2016": 1, "2012": 2, "2008": 2}'
Mircea-Vasile Govor;;2;'';'Mircea-Vasile Govor';'130';'PSD';'{}'
Sorin Mihai Grindeanu;1973-12-05;2;'';'Sorin Mihai Grindeanu';'131';'PSD';'{"2024": 2, "2020": 2, "2012": 2}'
Daniel Grofu;;2;'';'Daniel Grofu';'132';'POT';'{}'
Ioana Grosaru;;2;'';'Ioana Grosaru';'133';'';'{}'
Veronica Grosu;;2;'';'Veronica Grosu';'134';'AUR';'{}'
Călin-Florin Groza;;2;'';'Călin-Florin Groza';'135';'POT';'{}'
Silviu-Octavian Gurlui;;2;'';'Silviu-Octavian Gurlui';'136';'AUR';'{}'
Andrei-Cosmin Gușă;;2;'';'Andrei-Cosmin Gușă';'137';'SOS';'{}'
Augustin-Florin Hagiu;;2;'';'Augustin-Florin Hagiu';'138';'PSD';'{}'
Hajdu Gábor;1976-11-02;2;'';'Hajdu Gábor';'139';'UDMR';'{"2024": 2, "2020": 2}'
Pollyanna-Hanellore Hangan;1975-07-04;2;'';'Pollyanna-Hanellore Hangan';'140';'USR';'{"2024": 2, "2020": 2}'
Georgeta-Carmen Holban;1968-02-14;2;'';'Georgeta-Carmen Holban';'141';'PSD';'{"2024": 2, "2020": 2, "2016": 2}'
Cosmin Hristu;;2;'';'Cosmin Hristu';'142';'AUR';'{}'
Bogdan-Iulian Huțucă;1967-07-10;2;'';'Bogdan-Iulian Huțucă';'143';'PNL';'{"2024": 2, "2020": 2, "2016": 2}'
Monica Iagăr;;2;'';'Monica Iagăr';'144';'AUR';'{}'
Marius-Ionel Iancu;1972-06-08;2;'';'Marius-Ionel Iancu';'145';'PSD';'{"2024": 2, "2020": 2, "2016": 2}'
Iusein Ibram;1953-07-06;2;'';'Iusein Ibram';'146';'';'{"2024": 2, "2020": 2, "2016": 2, "2012": 2, "2008": 2, "2004": 2}'
Natalia-Elena Intotero;1976-01-14;2;'';'Natalia-Elena Intotero';'147';'PSD';'{"2024": 2, "2020": 2, "2016": 2, "2012": 2}'
Nicolae-Mirel Ion;;2;'';'Nicolae-Mirel Ion';'148';'SOS';'{}'
Stelian-Cristian Ion;1977-06-24;2;'';'Stelian-Cristian Ion';'149';'USR';'{"2024": 2, "2020": 2, "2016": 2}'
Monica Ionescu;;2;'';'Monica Ionescu';'150';'POT';'{}'
Radu-Mihail Ionescu;;2;'';'Radu-Mihail Ionescu';'151';'POT';'{}'
Tudor Ionescu;;2;'';'Tudor Ionescu';'152';'SOS';'{}'
Ion Iordache;1974-05-05;2;'';'Ion Iordache';'153';'PNL';'{"2024": 2, "2020": 1}'
Cosmin-Teodor Iosub;;2;'';'Cosmin-Teodor Iosub';'154';'AUR';'{}'
Ancuța-Florina Irimia;;2;'';'Ancuța-Florina Irimia';'155';'POT';'{}'
Marius-Adrian Isac;;2;'';'Marius-Adrian Isac';'156';'PSD';'{}'
Bogdan-Gruia Ivan;1991-03-24;2;'';'Bogdan-Gruia Ivan';'157';'PSD';'{"2024": 2, "2020": 2}'
Iosif-Florin Jianu;;2;'';'Iosif-Florin Jianu';'158';'SOS';'{}'
Kelemen Hunor;1967-10-18;2;'';'Kelemen Hunor';'160';'UDMR';'{"2024": 2, "2020": 2, "2016": 2, "2012": 2, "2008": 2, "2004": 2, "2000": 2}'
Kolcsár Anquetil-Károly;1968-12-12;2;'';'Kolcsár Anquetil-Károly';'161';'UDMR';'{"2024": 2, "2020": 2}'
Eduard-Virgil Koler;;2;'';'Eduard-Virgil Koler';'162';'AUR';'{}'
Könczei Csaba;1966-02-22;2;'';'Könczei Csaba';'163';'UDMR';'{"2024": 2, "2020": 2}'
Sebastian-Andrei Kroncsiș;;2;'';'Sebastian-Andrei Kroncsiș';'164';'POT';'{}'
József-György Kulcsár-Terza;1972-11-24;2;'';'Kulcsár-Terza József-György';'165';'UDMR';'{"2024": 2, "2020": 2, "2016": 2}'
László-Zsolt Ladányi;1970-05-07;2;'';'Ladányi László-Zsolt';'166';'UDMR';'{"2024": 2, "2020": 2}'
Teodor Lazăr;1967-09-28;2;'';'Teodor Lazăr';'167';'USR';'{"2024": 2, "2020": 2}'
Remus-Gabriel Lăpușan;;2;'';'Remus-Gabriel Lăpușan';'168';'PSD';'{}'
Ioan Lăzăroi;;2;'';'Ioan Lăzăroi';'169';'SOS';'{}'
Elisabeta Lipă;;2;'';'Elisabeta Lipă';'170';'PSD';'{}'
Ghervazen Longher;1972-01-03;2;'';'Ghervazen Longher';'171';'';'{"2024": 2, "2020": 2, "2012": 2, "2008": 2, "2004": 2, "2000": 2}'
Ștefan-Iulian Lőrincz;1991-05-07;2;'';'Ștefan-Iulian Lőrincz';'172';'USR';'{"2024": 2, "2020": 2}'
Ramona Lovin;;2;'';'Ramona Lovin';'173';'AUR';'{}'
Romeo-Daniel Lungu;1979-04-21;2;'';'Romeo-Daniel Lungu';'174';'PSD';'{"2024": 2, "2020": 2}'
Simona-Elena Macovei Ilie;;2;'';'Simona-Elena Macovei Ilie';'175';'SOS';'{}'
Loránd-Bálint Magyar;1980-02-17;2;'';'Magyar Loránd-Bálint';'176';'UDMR';'{"2024": 2, "2020": 2, "2016": 2}'
Petre-Florin Manole;1983-10-06;2;'';'Petre-Florin Manole';'177';'PSD';'{"2024": 2, "2020": 2, "2016": 2}'
Claudiu Manta;1981-05-12;2;'';'Claudiu Manta';'178';'PSD';'{"2024": 2, "2020": 2}'
Radu Marinescu;;2;'';'Radu Marinescu';'179';'PSD';'{}'
Markó Attila-Gabor;1968-09-27;2;'';'Markó Attila-Gabor';'180';'UDMR';'{"2024": 2, "2012": 2}'
George-Nicolae Marussi;1969-03-16;2;'';'George-Nicolae Marussi';'181';'USR';'{"2024": 2, "2016": 1}'
Aneta Matei;;2;'';'Aneta Matei';'182';'PNL';'{}'
Sergiu-Lucian Matei;;2;'';'Sergiu-Lucian Matei';'183';'POT';'{}'
Mirela-Florența Matichescu;;2;'';'Mirela-Florența Matichescu';'184';'PSD';'{}'
Călin-Gheorghe Matieș;1971-08-08;2;'';'Călin-Gheorghe Matieș';'185';'AUR';'{"2024": 2, "2020": 1}'
Mitică-Marius Mărgărit;1985-06-11;2;'';'Mitică-Marius Mărgărit';'186';'PSD';'{"2024": 2, "2020": 2, "2016": 2}'
Adrian-Miroslav Merka;1976-06-06;2;'';'Adrian-Miroslav Merka';'187';'';'{"2024": 2, "2020": 2, "2012": 2, "2008": 2, "2004": 2}'
Samuel-Virgil Miclău;;2;'';'Samuel-Virgil Miclău';'188';'AUR';'{}'
Radu-Nicolae Mihaiu;;2;'';'Radu-Nicolae Mihaiu';'189';'USR';'{}'
Ioan Mihalcea;;2;'';'Ioan Mihalcea';'190';'PSD';'{}'
Remus-Gabriel Mihalcea;1985-03-06;2;'';'Remus-Gabriel Mihalcea';'191';'PSD';'{"2024": 2, "2020": 2}'
Silvia-Claudia Mihalcea;;2;'';'Silvia-Claudia Mihalcea';'192';'PSD';'{}'
Mugur Mihăescu;;2;'';'Mugur Mihăescu';'193';'AUR';'{}'
Bogdan-Florian Mihuți;;2;'';'Bogdan-Florian Mihuți';'194';'PSD';'{}'
Miklós Zoltán;1975-08-16;2;'';'Miklós Zoltán';'195';'UDMR';'{"2024": 2, "2020": 2}'
Marian Mina;1977-01-04;2;'';'Marian Mina';'196';'PSD';'{"2024": 2, "2020": 2}'
Florin Mircea;1980-04-01;2;'';'Florin Mircea';'197';'PSD';'{"2024": 2, "2020": 2, "2016": 2}'
Radu-Dinel Miruță;1985-04-08;2;'';'Radu-Dinel Miruță';'198';'USR';'{"2024": 2, "2020": 2}'
Eduard-Tatian Mititelu;;2;'';'Eduard-Tatian Mititelu';'199';'PNL';'{}'
Dumitrina Mitrea;1971-10-12;2;'';'Dumitrina Mitrea';'200';'AUR';'{"2024": 2, "2020": 2}'
Nicolae Mîndrescu;;2;'';'Nicolae Mîndrescu';'201';'AUR';'{}'
Cătălin-Viorel Mîndroc;;2;'';'Cătălin-Viorel Mîndroc';'202';'PSD';'{}'
Adrian Mocanu;1983-05-12;2;'';'Adrian Mocanu';'203';'PNL';'{"2024": 2, "2016": 2, "2012": 2, "2008": 2}'
Alexandrin Moiseev;;2;'';'Alexandrin Moiseev';'204';'SOS';'{}'
Radu-Marin Moisin;1982-12-10;2;'';'Radu-Marin Moisin';'205';'PNL';'{"2024": 2, "2020": 2}'
Molnar Andrei;;2;'';'Molnar Andrei';'206';'UDMR';'{}'
Lucian-Ioan-Titus Morar;;2;'';'Lucian-Ioan-Titus Morar';'207';'PSD';'{}'
Patricia-Simina-Arina Moș;;2;'';'';'208';'PNL';'{"2024": 2, "2020": 1}'
Liviu-Ionuț Moșteanu;1973-12-23;2;'';'Liviu-Ionuț Moșteanu';'209';'USR';'{"2024": 2, "2020": 2, "2016": 2}'
Sorin-Titus Muncaciu;1953-09-12;2;'';'Sorin-Titus Muncaciu';'210';'AUR';'{"2024": 2, "2020": 2}'
Valeriu Munteanu;;2;'';'Valeriu Munteanu';'211';'AUR';'{}'
Mohammad Murad;;2;'';'Mohammad Murad';'212';'AUR';'{}'
Oana Murariu;1988-09-11;2;'';'Oana Murariu';'213';'USR';'{"2024": 2, "2020": 2}'
Iulian-Alexandru Muraru;1982-05-20;2;'';'Iulian-Alexandru Muraru';'214';'PNL';'{"2024": 2, "2020": 2, "2016": 2}'
Doru-Lucian Mușat;;2;'';'Doru-Lucian Mușat';'215';'AUR';'{}'
Gheorghe Nacov;1972-04-11;2;'';'Gheorghe Nacov';'216';'';'{"2024": 2, "2020": 2}'
Nagy Szabolcs;1983-07-23;2;'';'Nagy Szabolcs';'217';'UDMR';'{"2024": 2, "2020": 2}'
Vasile Nagy;1988-10-12;2;'';'Vasile Nagy';'218';'SOS';'{"2024": 2, "2020": 2}'
Rodica Nassar;1957-06-25;2;'';'Rodica Nassar';'219';'PSD';'{"2024": 2, "2020": 2, "2012": 2, "2008": 2, "2004": 2, "2000": 2}'
Claudiu-Iulius-Gavril Năsui;1985-05-05;2;'';'Claudiu-Iulius-Gavril Năsui';'220';'USR';'{"2024": 2, "2020": 2, "2016": 2}'
Andreea-Firuța Neacșu;;2;'';'Andreea-Firuța Neacșu';'221';'AUR';'{}'
Marian Neacșu;1964-05-27;2;'';'Marian Neacșu';'222';'PSD';'{"2024": 2, "2012": 2, "2008": 2}'
Petre-Emanoil Neagu;;2;'';'Petre-Emanoil Neagu';'223';'PSD';'{}'
George-Mihail Neamțu;;2;'';'George-Mihail Neamțu';'224';'AUR';'{}'
Eugen Neață;1967-06-11;2;'';'Eugen Neață';'225';'PSD';'{"2024": 2, "2020": 2, "2016": 2}'
Laurențiu Adrian Neculaescu;;2;'';'Laurențiu Adrian Neculaescu';'226';'PSD';'{}'
Mihai-Bogdan Negoescu;;2;'';'Mihai-Bogdan Negoescu';'227';'AUR';'{}'
Petru-Gabriel Negrea;;2;'';'Petru-Gabriel Negrea';'228';'AUR';'{}'
Dan-Mihai Nicolae;;2;'';'Dan-Mihai Nicolae';'229';'POT';'{}'
Sorin-George Oltenașu;;2;'';'Sorin-George Oltenașu';'231';'SOS';'{}'
Octavian Oprea;;2;'';'Octavian Oprea';'232';'PNL';'{}'
Varujan Pambuccian;1959-04-25;2;'';'Varujan Pambuccian';'233';'';'{"2024": 2, "2020": 2, "2016": 2, "2012": 2, "2008": 2, "2004": 2, "2000": 2, "1996": 2}'
Ciprian Pandea;1986-12-10;2;'';'Ciprian Pandea';'234';'PNL';'{"2024": 2, "2020": 1}'
Ciprian-Constantin Paraschiv;;2;'';'Ciprian-Constantin Paraschiv';'235';'AUR';'{}'
Ovidiu-Romulus Paraschivescu;;2;'';'Ovidiu-Romulus Paraschivescu';'236';'USR';'{}'
Nini-Alexandru Pascalini;;2;'';'Nini-Alexandru Pascalini';'237';'SOS';'{}'
Mihai-Cosmin Pascariu;;2;'';'Mihai-Cosmin Pascariu';'238';'AUR';'{}'
Nicolae Păun;1964-11-09;2;'';'Nicolae Păun';'239';'';'{"2024": 2, "2012": 2, "2008": 2, "2004": 2, "2000": 2}'
Silviu-Titus Păunescu;1979-06-22;2;'';'Silviu-Titus Păunescu';'240';'AUR';'{"2024": 2, "2020": 2}'
Nicolae-Miroslav Petrețchi;1985-09-16;2;'';'Nicolae-Miroslav Petrețchi';'241';'';'{"2024": 2, "2020": 2, "2016": 2}'
Eliza-Mădălina Peța-Ștefănescu;1984-09-18;2;'';'Eliza-Mădălina Peța-Ștefănescu';'242';'PSD';'{"2024": 2, "2020": 2, "2016": 2}'
Marilen - Gabriel Pirtea;1973-11-28;2;'';'Marilen - Gabriel Pirtea';'243';'PNL';'{"2024": 2, "2020": 2, "2016": 2}'
Simona-Geanina Pistru-Popa;;2;'';'Simona-Geanina Pistru-Popa';'244';'PNL';'{}'
Gheorghe-Petru Pîclișan;;2;'';'Gheorghe-Petru Pîclișan';'245';'POT';'{}'
Rodica Plopeanu;;2;'';'Rodica Plopeanu';'246';'SOS';'{}'
Andrei George Plujar;;2;'';'Andrei George Plujar';'247';'USR';'{}'
Victor-Viorel Ponta;1972-09-20;2;'';'Victor-Viorel Ponta';'248';'PSD';'{"2024": 2, "2016": 2, "2012": 2, "2008": 2, "2004": 2}'
Alexandru Popa;1990-08-06;2;'';'Alexandru Popa';'249';'PNL';'{"2024": 2, "2020": 2}'
Cristian-Alexandru Popa;;2;'';'Cristian-Alexandru Popa';'250';'POT';'{}'
Dorin Popa;;2;'';'Dorin Popa';'251';'POT';'{}'
George-Adrian Popa;;2;'';'George-Adrian Popa';'252';'PSD';'{}'
Maricel Popa;1961-06-10;2;'';'Maricel Popa';'253';'PSD';'{"2024": 2, "2020": 1}'
Ștefan-Ovidiu Popa;1985-06-25;2;'';'Ștefan-Ovidiu Popa';'254';'PSD';'{"2024": 2, "2020": 2, "2016": 2}'
Antonio-Gabi Popescu;;2;'';'Antonio-Gabi Popescu';'255';'AUR';'{}'
Florin-Cornel Popovici;;2;'';'Florin-Cornel Popovici';'256';'AUR';'{}'
Gabriela Porumboiu;;2;'';'Gabriela Porumboiu';'257';'POT';'{}'
Ionelia-Florența Priescu;;2;'';'Ionelia-Florența Priescu';'258';'AUR';'{}'
Răzvan Sorin Prișcă;1987-06-15;2;'';'Răzvan Sorin Prișcă';'259';'PNL';'{"2024": 2, "2020": 2, "2016": 2}'
Cristina-Mădălina Prună;1984-12-11;2;'';'Cristina-Mădălina Prună';'260';'USR';'{"2024": 2, "2020": 2, "2016": 2}'
Lucian-Florin Pușcașu;1969-03-12;2;'';'Lucian-Florin Pușcașu';'261';'AUR';'{"2024": 2, "2020": 2}'
Petre Pușcașu;1971-03-06;2;'';'Petre Pușcașu';'262';'AUR';'{"2024": 2, "2020": 2}'
Fabian-Cristian Radu;;2;'';'Fabian-Cristian Radu';'263';'AUR';'{}'
Alexandru Rafila;1961-12-27;2;'';'Alexandru Rafila';'264';'PSD';'{"2024": 2, "2020": 2}'
Sebastian Răducanu;1981-06-19;2;'';'Sebastian Răducanu';'265';'PSD';'{"2024": 2, "2020": 1}'
Gheorghe-Valentin Răducea;;2;'';'Gheorghe-Valentin Răducea';'266';'POT';'{}'
Ciprian-Doru Rigman;;2;'';'Ciprian-Doru Rigman';'267';'USR';'{}'
Ana-Smaranda Rinder;;2;'';'Ana-Smaranda Rinder';'268';'PSD';'{}'
Bogdan-Ionel Rodeanu;1980-07-18;2;'';'Bogdan-Ionel Rodeanu';'269';'USR';'{"2024": 2, "2020": 2, "2016": 2}'
Alexandru-Florin Rogobete;;2;'';'Alexandru-Florin Rogobete';'270';'PSD';'{}'
Florin-Claudiu Roman;1974-04-22;2;'';'Florin-Claudiu Roman';'271';'PNL';'{"2024": 2, "2020": 2, "2016": 2}'
Mircea Roșca;1974-02-25;2;'';'Mircea Roșca';'272';'PNL';'{"2024": 2, "2020": 2, "2012": 2}'
Sebastian-Mihai Rusu;;2;'';'Sebastian-Mihai Rusu';'273';'PNL';'{}'
Ion Samoilă;;2;'';'Ion Samoilă';'274';'PSD';'{}'
Viorica Sandu;1962-04-24;2;'';'Viorica Sandu';'275';'PSD';'{"2024": 2, "2020": 2}'
George Scarlat;1979-05-05;2;'';'George Scarlat';'276';'PNL';'{"2024": 2, "2020": 1, "2012": 2}'
Seres Dénes;1953-07-21;2;'';'Seres Dénes';'277';'UDMR';'{"2024": 2, "2020": 2, "2016": 2, "2012": 2, "2008": 2, "2004": 2, "2000": 1, "1996": 1, "1992": 1}'
Robert-Ionatan Sighiartău;1989-03-15;2;'';'Robert-Ionatan Sighiartău';'278';'PNL';'{"2024": 2, "2020": 2, "2016": 2}'
George-Nicolae Simion;1986-09-21;2;'';'George-Nicolae Simion';'279';'AUR';'{"2024": 2, "2020": 2}'
Aurora-Tasica Simu;;2;'';'Aurora-Tasica Simu';'280';'POT';'{}'
Adrian Solomon;1977-09-20;2;'';'Adrian Solomon';'281';'PSD';'{"2024": 2, "2020": 2, "2016": 2, "2012": 2, "2008": 2}'
Ionel Stancu;1978-10-15;2;'';'Ionel Stancu';'282';'';'{"2024": 2, "2020": 2, "2012": 2}'
Vetuța Stănescu;1969-09-29;2;'';'Vetuța Stănescu';'283';'PNL';'{"2024": 2, "2020": 2}'
Irina-Florentina Stoenică;;2;'';'Irina-Florentina Stoenică';'284';'PSD';'{}'
Alin-Bogdan Stoica;;2;'';'Alin-Bogdan Stoica';'285';'USR';'{}'
Bogdan-Alin Stoica;1987-04-10;2;'';'Bogdan-Alin Stoica';'286';'';'{"2024": 2, "2020": 2, "2016": 2}'
Diana Stoica;1991-02-23;2;'';'Diana Stoica';'287';'USR';'{"2024": 2, "2020": 2}'
Ștefan-Bucur Stoica;1977-07-29;2;'';'Ștefan-Bucur Stoica';'288';'PNL';'{"2024": 2, "2020": 2, "2012": 2}'
Ionuț-Marian Stroe;1979-09-23;2;'';'Ionuț-Marian Stroe';'289';'PNL';'{"2024": 2, "2020": 2, "2016": 2, "2012": 2, "2008": 2}'
Vasile-Daniel Suciu;1980-11-07;2;'';'Vasile-Daniel Suciu';'290';'PSD';'{"2024": 2, "2020": 2, "2016": 2, "2012": 2}'
Szabó Ödön;1975-07-04;2;'';'Szabó Ödön';'291';'UDMR';'{"2024": 2, "2020": 2, "2016": 2, "2012": 2}'
Ecaterina-Mariana Szőke;;2;'';'Ecaterina-Mariana Szőke';'292';'SOS';'{}'
Vlad-Ioan Șendroiu;;2;'';'Vlad-Ioan Șendroiu';'293';'USR';'{}'
Ciprian-Constantin Șerban;1985-12-22;2;'';'Ciprian-Constantin Șerban';'294';'PSD';'{"2024": 2, "2020": 2, "2016": 2}'
George Cătălin Șerban;;2;'';'George Cătălin Șerban';'295';'PNL';'{}'
Gianina Șerban;1983-07-15;2;'';'Gianina Șerban';'296';'AUR';'{"2024": 2, "2020": 2}'
Gigel-Sorinel Știrbu;1971-09-12;2;'';'Gigel-Sorinel Știrbu';'297';'PNL';'{"2024": 2, "2020": 2, "2016": 2, "2012": 2, "2008": 2}'
Dan Tanasă;1981-03-10;2;'';'Dan Tanasă';'298';'AUR';'{"2024": 2, "2020": 2}'
Ștefan Tanasă;;2;'';'Ștefan Tanasă';'299';'USR';'{}'
Andrei-Ionuț Teslariu;;2;'';'Andrei-Ionuț Teslariu';'300';'POT';'{}'
Dumitru Tilea;;2;'';'Dumitru Tilea';'301';'AUR';'{}'
Angel Tîlvăr;1962-02-11;2;'';'Angel Tîlvăr';'302';'PSD';'{"2024": 2, "2020": 1, "2016": 2, "2012": 2, "2008": 2, "2004": 1}'
Bogdan-Andrei Toader;1983-06-07;2;'';'Bogdan-Andrei Toader';'303';'PSD';'{"2024": 2, "2020": 2}'
Elena-Laura Toader;;2;'';'Elena-Laura Toader';'304';'SOS';'{}'
Ilie Toma;1969-07-30;2;'';'Ilie Toma';'305';'PSD';'{"2024": 2, "2020": 2, "2016": 2}'
Ion-Alin Tomoescu;;2;'';'Ion-Alin Tomoescu';'306';'PSD';'{}'
Bogdan Gheorghe Trif;1977-04-28;2;'';'Bogdan Gheorghe Trif';'307';'PSD';'{"2024": 2, "2020": 2}'
Raluca Turcan;1976-04-02;2;'';'Raluca Turcan';'308';'PNL';'{"2024": 2, "2020": 2, "2016": 2, "2012": 2, "2008": 2, "2004": 2}'
Adriana Diana Tușa;1978-06-22;2;'';'Adriana Diana Tușa';'309';'PSD';'{"2024": 2, "2020": 2, "2016": 2, "2012": 2, "2008": 2}'
Ștefan Țintă;;2;'';'Ștefan Țintă';'310';'PSD';'{}'
Dumitru Țiplea;;2;'';'Dumitru Țiplea';'311';'PNL';'{}'
Mihai-Adrian Țiu;;2;'';'Mihai-Adrian Țiu';'312';'SOS';'{}'
Oana-Silvia Țoiu;1985-07-09;2;'';'Oana-Silvia Țoiu';'313';'USR';'{"2024": 2, "2020": 2}'
Emanuel-Dumitru Ungureanu;1978-03-12;2;'';'Emanuel-Dumitru Ungureanu';'314';'USR';'{"2024": 2, "2020": 2, "2016": 2}'
Lidia Vadim-Tudor;;2;'';'Lidia Vadim-Tudor';'315';'AUR';'{}'
Vass Levente;1975-04-26;2;'';'Vass Levente';'316';'UDMR';'{"2024": 2, "2016": 2}'
Dumitru Văduva;;2;'';'Dumitru Văduva';'317';'USR';'{}'
Mariana Vârgă;;2;'';'Mariana Vârgă';'318';'SOS';'{}'
Verginia Vedinaș;1960-02-16;2;'';'Verginia Vedinaș';'319';'SOS';'{"2024": 2, "2004": 1}'
Ion-Marcel Vela;1963-06-02;2;'';'Ion-Marcel Vela';'320';'PNL';'{"2024": 2, "2020": 1, "2016": 1}'
Florin-Bogdan Velcescu;;2;'';'Florin-Bogdan Velcescu';'321';'AUR';'{}'
Silviu Vexler;1988-12-08;2;'';'Silviu Vexler';'322';'';'{"2024": 2, "2020": 2, "2016": 2}'
Vlad-Andrei Vidra;;2;'';'Vlad-Andrei Vidra';'323';'SOS';'{}'
Ioan Vulpescu;1976-06-17;2;'';'Ioan Vulpescu';'324';'PSD';'{"2024": 2, "2020": 2, "2016": 1, "2012": 2}'
Dorel Vulpoiu;;2;'';'Dorel Vulpoiu';'325';'AUR';'{}'
Voicu Vușcan;;2;'';'Voicu Vușcan';'326';'PSD';'{}'
Mihai Weber;1964-11-18;2;'';'Mihai Weber';'327';'PSD';'{"2024": 2, "2020": 2, "2016": 2, "2012": 2}'
Adrian Wiener;1973-06-23;2;'';'Adrian Wiener';'328';'USR';'{"2024": 2, "2020": 2, "2016": 1}'
Zahoranszki Brigitta-Eva;;2;'';'Zahoranszki Brigitta-Eva';'329';'UDMR';'{}'
Zakarias Zoltán;1968-04-11;2;'';'Zakarias Zoltán';'330';'UDMR';'{"2024": 2, "2020": 2}'
Dragoș Gabriel Zisopol;1967-11-12;2;'';'Dragoș Gabriel Zisopol';'331';'';'{"2024": 2, "2020": 2, "2016": 2, "2012": 2, "2008": 2, "2004": 2}'
