"nume","inceput","sfarsit","partid"
"Adrian Mocanu","2012-12-19",,"Grupul parlamentar al Partidului Social Democrat"
"Adrian Solomon","2012-12-19",,"Grupul parlamentar al Partidului Social Democrat"
"Adriana-Doina Pană","2012-12-19",,"Grupul parlamentar al Partidului Social Democrat"
"Adrian Constantin Simionescu","2012-12-19",,"Grupul parlamentar al Partidului Social Democrat"
"Adrian-Miroslav Merka","2012-12-19",,"Grupul parlamentar al minorităţilor naţionale"
"Alexandru Stănescu","2012-12-19",,"Grupul parlamentar al Partidului Social Democrat"
"Alina-Ştefania Gorghiu","2012-12-19",,"Grupul parlamentar al Partidului Naţional Liberal"
"Ana Birchall","2012-12-19",,"Grupul parlamentar al Partidului Social Democrat"
"András-Levente Máté","2012-12-19",,"Grupul parlamentar al Uniunii Democrate Maghiare din România"
"Andrei Dolineaschi","2012-12-19",,"Grupul parlamentar al Partidului Social Democrat"
"Andrei-Valentin Sava","2012-12-19",,"Grupul parlamentar al Partidului Social Democrat"
"Angel Tîlvăr","2012-12-19",,"Grupul parlamentar al Partidului Social Democrat"
"Anghel Stanciu","2012-12-19",,"Grupul parlamentar al Partidului Social Democrat"
"Anton Doboş","2012-12-19",,"Grupul parlamentar al Partidului Naţional Liberal"
"Árpád-Francisc Márton","2012-12-19",,"Grupul parlamentar al Uniunii Democrate Maghiare din România"
"Atilla-Béla-László Kelemen","2012-12-19",,"Grupul parlamentar al Uniunii Democrate Maghiare din România"
"Attila Korodi","2012-12-19",,"Grupul parlamentar al Uniunii Democrate Maghiare din România"
"Attila-Zoltán Cseke","2012-12-19",,"Grupul parlamentar al Uniunii Democrate Maghiare din România"
"Aurel Vainer","2012-12-19",,"Grupul parlamentar al minorităţilor naţionale"
"Aurel Vlădoiu","2012-12-19",,"Grupul parlamentar al Partidului Social Democrat"
"Aurelia Cristea","2012-12-19",,"Grupul parlamentar al Partidului Social Democrat"
"Aurelian Ionescu","2012-12-19",,"Grupul parlamentar Liberal Conservator (PC-PLR)"
"Bogdan Nicolae Niculescu Duvăz","2012-12-19",,"Grupul parlamentar al Partidului Social Democrat"
"Călin-Vasile-Andrei Matei","2012-12-19",,"Grupul parlamentar al Partidului Social Democrat"
"Camelia Khraibani","2012-12-19",,"Grupul parlamentar al Partidului Social Democrat"
"Carmen Ileana Moldovan","2012-12-19",,"Grupul parlamentar al Partidului Social Democrat"
"Cătălin Tiuch","2012-12-19",,"Grupul parlamentar al Partidului Social Democrat"
"Cătălin-Daniel Fenechiu","2012-12-19",,"Grupul parlamentar Democrat şi Popular"
"Cătălin-Marian Rădulescu","2012-12-19",,"Grupul parlamentar al Partidului Social Democrat"
"Claudiu-Andrei Tănăsescu","2012-12-19",,"Grupul parlamentar Liberal Conservator (PC-PLR)"
"Constantin Adăscăliţei","2012-12-19",,"Grupul parlamentar al Partidului Social Democrat"
"Constantin Avram","2012-12-19",,"Grupul parlamentar Liberal Conservator (PC-PLR)"
"Constantin Mazilu","2012-12-19",,"Grupul parlamentar al Partidului Social Democrat"
"Constantin Niţă","2012-12-19",,"Grupul parlamentar al Partidului Social Democrat"
"Constantin Rădulescu","2012-12-19",,"Grupul parlamentar al Partidului Social Democrat"
"Constantin-Stelian-Emil Moţ","2012-12-19",,"Grupul parlamentar al Partidului Social Democrat"
"Cornel Itu","2012-12-19",,"Grupul parlamentar al Partidului Social Democrat"
"Cornel-Cristian Resmeriţă","2012-12-19",,"Grupul parlamentar al Partidului Social Democrat"
"Cornelia Negruţ","2012-12-19",,"Grupul parlamentar Liberal Conservator (PC-PLR)"
"Corneliu-Florin Buicu","2012-12-19",,"Grupul parlamentar al Partidului Social Democrat"
"Corneliu-Mugurel Cozmanciuc","2012-12-19",,"Grupul parlamentar al Partidului Naţional Liberal"
"Cosmin Necula","2012-12-19",,"Grupul parlamentar al Partidului Social Democrat"
"Costel Alexe","2012-12-19",,"Grupul parlamentar al Partidului Naţional Liberal"
"Costel Şoptică","2012-12-19",,"Grupul parlamentar al Partidului Naţional Liberal"
"Cristian Buican","2012-12-19",,"Grupul parlamentar al Partidului Naţional Liberal"
"Cristian Rizea","2012-12-19",,"Grupul parlamentar al Partidului Social Democrat"
"Cristina Nichita","2012-12-19",,"Grupul parlamentar al Partidului Social Democrat"
"Cristina-Ancuţa Pocora","2012-12-19",,"Grupul parlamentar al Partidului Naţional Liberal"
"Damian Florea","2012-12-19",,"Grupul parlamentar Liberal Conservator (PC-PLR)"
"Dan Ciocan","2012-12-19",,"Grupul parlamentar al Partidului Social Democrat"
"Dan Coriolan Simedru","2012-12-19",,"Grupul parlamentar al Partidului Naţional Liberal"
"Daniel Constantin","2012-12-19",,"Grupul parlamentar Liberal Conservator (PC-PLR)"
"Daniel Florea","2012-12-19",,"Grupul parlamentar al Partidului Social Democrat"
"Daniel Iane","2012-12-19",,"Grupul parlamentar al Partidului Naţional Liberal"
"Daniel Tudorache","2012-12-19",,"Grupul parlamentar al Partidului Social Democrat"
"Daniel-Cătălin Zamfir","2012-12-19",,"Grupul parlamentar al Partidului Naţional Liberal"
"Daniel-Ionuţ Bărbulescu","2012-12-19",,"Grupul parlamentar al Partidului Social Democrat"
"Daniel-Stamate Budurescu","2012-12-19",,"Grupul parlamentar al Partidului Naţional Liberal"
"Daniel Vasile Oajdea","2012-12-19",,"Grupul parlamentar Democrat şi Popular"
"Dan-Ştefan Motreanu","2012-12-19",,"Grupul parlamentar al Partidului Naţional Liberal"
"Dénes Seres","2012-12-19",,"Grupul parlamentar al Uniunii Democrate Maghiare din România"
"Dorel Covaci","2012-12-19",,"Grupul parlamentar al Partidului Social Democrat"
"Dorel-Gheorghe Căprar","2012-12-19",,"Grupul parlamentar al Partidului Social Democrat"
"Dorin Silviu Petrea","2012-12-19",,"Grupul parlamentar al Partidului Social Democrat"
"Dragoş Gabriel Zisopol","2012-12-19",,"Grupul parlamentar al minorităţilor naţionale"
"Dumitru Pardău","2012-12-19",,"Grupul parlamentar al Partidului Naţional Liberal"
"Dumitru-Iulian Popescu","2012-12-19",,"Grupul parlamentar al Partidului Social Democrat"
"Dumitru-Verginel Gireadă","2012-12-19",,"Grupul parlamentar al Partidului Naţional Liberal"
"Eduard-Stelian Martin","2012-12-19",,"Grupul parlamentar al Partidului Social Democrat"
"Elena Cătălina Ştefănescu","2012-12-19",,"Grupul parlamentar al Partidului Social Democrat"
"Elena-Ramona Uioreanu","2012-12-19",,"Grupul parlamentar al Partidului Naţional Liberal"
"Eleonora-Carmen Hărău","2012-12-19",,"Grupul parlamentar al Partidului Naţional Liberal"
"Emil Niţă","2012-12-19",,"Grupul parlamentar al Partidului Social Democrat"
"Erland Cocei","2012-12-19",,"Grupul parlamentar al Partidului Naţional Liberal"
"Eugen Bejinariu","2012-12-19",,"Grupul parlamentar al Partidului Social Democrat"
"Eugen Nicolicea","2012-12-19",,"Grupul parlamentar al Partidului Social Democrat"
"Eugen Constantin Uricec","2012-12-19",,"Grupul parlamentar al Partidului Social Democrat"
"Flavius-Luigi Măduţa","2012-12-19",,"Grupul parlamentar al Partidului Social Democrat"
"Florian Nicolae","2012-12-19",,"Grupul parlamentar al Partidului Social Democrat"
"Florica Cherecheş","2012-12-19",,"Grupul parlamentar al Partidului Naţional Liberal"
"Florin Ciurariu","2012-12-19",,"Grupul parlamentar al Partidului Naţional Liberal"
"Florin Iordache","2012-12-19",,"Grupul parlamentar al Partidului Social Democrat"
"Florin-Alexandru Alexe","2012-12-19",,"Grupul parlamentar al Partidului Naţional Liberal"
"Florin-Costin Pâslaru","2012-12-19",,"Grupul parlamentar al Partidului Social Democrat"
"Florin-Cristian Tătaru","2012-12-19",,"Grupul parlamentar al Partidului Social Democrat"
"Gábor Kereskényi","2012-12-19",,"Grupul parlamentar al Uniunii Democrate Maghiare din România"
"Gabriela-Lola Anghel","2012-12-19",,"Grupul parlamentar Democrat şi Popular"
"Gabriela-Maria Podaşcă","2012-12-19",,"Grupul parlamentar al Partidului Social Democrat"
"Gavril Mîrza","2012-12-19",,"Grupul parlamentar al Partidului Social Democrat"
"George Scarlat","2012-12-19",,"Grupul parlamentar al Partidului Naţional Liberal"
"Georgian Pop","2012-12-19",,"Grupul parlamentar al Partidului Social Democrat"
"Georgică Dumitru","2012-12-19",,"Grupul parlamentar Liberal Conservator (PC-PLR)"
"Gheorghe Ciobanu","2012-12-19",,"Grupul parlamentar al Partidului Social Democrat"
"Gheorghe Costin","2012-12-19",,"Grupul parlamentar al Partidului Naţional Liberal"
"Gheorghe Dragomir","2012-12-19",,"Grupul parlamentar al Partidului Naţional Liberal"
"Gheorghe Emacu","2012-12-19",,"Grupul parlamentar al Partidului Social Democrat"
"Gheorghe Firczak","2012-12-19",,"Grupul parlamentar al minorităţilor naţionale"
"Gheorghe Frăticiu","2012-12-19",,"Grupul parlamentar al Partidului Social Democrat"
"Gheorghe Marin","2012-12-19",,"Grupul parlamentar al Partidului Social Democrat"
"Gheorghe Şimon","2012-12-19",,"Grupul parlamentar al Partidului Social Democrat"
"Gheorghe-Dănuţ Bogdan","2012-12-19",,"Grupul parlamentar al Partidului Social Democrat"
"Gheorghe-Eugen Nicolăescu","2012-12-19",,"Grupul parlamentar al Partidului Naţional Liberal"
"Gheorghe-Vlad Nistor","2012-12-19",,"Grupul parlamentar al Partidului Naţional Liberal"
"Ghervazen Longher","2012-12-19",,"Grupul parlamentar al minorităţilor naţionale"
"Gigel-Sorinel Ştirbu","2012-12-19",,"Grupul parlamentar al Partidului Naţional Liberal"
"Giureci-Slobodan Ghera","2012-12-19",,"Grupul parlamentar al minorităţilor naţionale"
"Grigore Crăciunescu","2012-12-19",,"Grupul parlamentar al Partidului Naţional Liberal"
"Horia Cristian","2012-12-19",,"Grupul parlamentar al Partidului Naţional Liberal"
"Horia Grama","2012-12-19",,"Grupul parlamentar al Partidului Social Democrat"
"Hubert Petru Ştefan Thuma","2012-12-19",,"Grupul parlamentar al Partidului Naţional Liberal"
"Hunor Kelemen","2012-12-19",,"Grupul parlamentar al Uniunii Democrate Maghiare din România"
"Ileana Cristina Dumitrache","2012-12-19",,"Grupul parlamentar al Partidului Social Democrat"
"Ioan Axente","2012-12-19",,"Grupul parlamentar al Partidului Social Democrat"
"Ioan Benga","2012-12-19",,"Grupul parlamentar al Partidului Social Democrat"
"Ioan Cupşa","2012-12-19",,"Grupul parlamentar al Partidului Naţional Liberal"
"Ioan Dîrzu","2012-12-19",,"Grupul parlamentar al Partidului Social Democrat"
"Ioan Munteanu","2012-12-19",,"Grupul parlamentar al Partidului Social Democrat"
"Ioan Stan","2012-12-19",,"Grupul parlamentar al Partidului Social Democrat"
"Ioan Tămâian","2012-12-19",,"Grupul parlamentar al Partidului Naţional Liberal"
"Ioan Vulpescu","2012-12-19",,"Grupul parlamentar al Partidului Social Democrat"
"Ioan-Cristian Chirteş","2012-12-19",,"Grupul parlamentar al Partidului Naţional Liberal"
"Ioan Sorin Roman","2012-12-19",,"Grupul parlamentar al Partidului Social Democrat"
"Ion Bălan","2012-12-19",,"Grupul parlamentar al Partidului Social Democrat"
"Ion Călin","2012-12-19",,"Grupul parlamentar al Partidului Social Democrat"
"Ion Eparu","2012-12-19",,"Grupul parlamentar al Partidului Social Democrat"
"Ion Marocico","2012-12-19",,"Grupul parlamentar al minorităţilor naţionale"
"Ion Mocioalcă","2012-12-19",,"Grupul parlamentar al Partidului Social Democrat"
"Ion Ochi","2012-12-19",,"Grupul parlamentar al Partidului Social Democrat"
"Ion Răducanu","2012-12-19",,"Grupul parlamentar al Partidului Social Democrat"
"Ion Stan","2012-12-19",,"Grupul parlamentar al Partidului Social Democrat"
"Ion Tabugan","2012-12-19",,"Grupul parlamentar al Partidului Social Democrat"
"Ion-Bogdan Mihăilescu","2012-12-19",,"Grupul parlamentar al Partidului Social Democrat"
"Ionel Arsene","2012-12-19",,"Grupul parlamentar al Partidului Social Democrat"
"Ionel Palăr","2012-12-19",,"Grupul parlamentar al Partidului Naţional Liberal"
"Ionel Stancu","2012-12-19",,"Grupul parlamentar al minorităţilor naţionale"
"Ion-Marcel Ciolacu","2012-12-19",,"Grupul parlamentar al Partidului Social Democrat"
"Ionuţ-Cristian Săvoiu","2012-12-19",,"Grupul parlamentar al Partidului Social Democrat"
"Ionuţ-Marian Stroe","2012-12-19",,"Grupul parlamentar al Partidului Naţional Liberal"
"Iosif Moldovan","2012-12-19",,"Grupul parlamentar al Uniunii Democrate Maghiare din România"
"Irinel Ioan Stativă","2012-12-19",,"Grupul parlamentar al Partidului Social Democrat"
"István Antal","2012-12-19",,"Grupul parlamentar al Uniunii Democrate Maghiare din România"
"István Bónis","2012-12-19",,"Grupul parlamentar al Uniunii Democrate Maghiare din România"
"István Erdei Dolóczki","2012-12-19",,"Grupul parlamentar al Uniunii Democrate Maghiare din România"
"Iulian Iancu","2012-12-19",,"Grupul parlamentar al Partidului Social Democrat"
"Iulian Claudiu Manda","2012-12-19",,"Grupul parlamentar al Partidului Social Democrat"
"Iulian-Radu Surugiu","2012-12-19",,"Grupul parlamentar al Partidului Naţional Liberal"
"Iuliu Nosa","2012-12-19",,"Grupul parlamentar al Partidului Social Democrat"
"Iusein Ibram","2012-12-19",,"Grupul parlamentar al minorităţilor naţionale"
"Károly Kerekes","2012-12-19",,"Grupul parlamentar al Uniunii Democrate Maghiare din România"
"László Borbély","2012-12-19",,"Grupul parlamentar al Uniunii Democrate Maghiare din România"
"László-Ődőn Fejér","2012-12-19",,"Grupul parlamentar al Uniunii Democrate Maghiare din România"
"Laurenţiu Chirvăsuţă","2012-12-19",,"Grupul parlamentar al Partidului Social Democrat"
"Laurenţiu Nistor","2012-12-19",,"Grupul parlamentar al Partidului Social Democrat"
"Liliana Mincă","2012-12-19",,"Grupul parlamentar Democrat şi Popular"
"Liviu Harbuz","2012-12-19",,"Grupul parlamentar al Partidului Social Democrat"
"Liviu-Bogdan Ciucă","2012-12-19",,"Grupul parlamentar Liberal Conservator (PC-PLR)"
"Lucia-Ana Varga","2012-12-19",,"Grupul parlamentar al Partidului Naţional Liberal"
"Lucian Şova","2012-12-19",,"Grupul parlamentar al Partidului Social Democrat"
"Lucian-Manuel Ciubotaru","2012-12-19",,"Grupul parlamentar al Partidului Naţional Liberal"
"Lucreţia Roşca","2012-12-19",,"Grupul parlamentar al Partidului Social Democrat"
"Ludovic Orban","2012-12-19",,"Grupul parlamentar al Partidului Naţional Liberal"
"Mădălin-Ştefan Voicu","2012-12-19",,"Grupul parlamentar al Partidului Social Democrat"
"Manuela Mitrea","2012-12-19",,"Grupul parlamentar al Partidului Social Democrat"
"Marian Enache","2012-12-19",,"Grupul parlamentar al Partidului Social Democrat"
"Marian Ghiveciu","2012-12-19",,"Grupul parlamentar al Partidului Social Democrat"
"Marian Neacşu","2012-12-19",,"Grupul parlamentar al Partidului Social Democrat"
"Marin Almăjanu","2012-12-19",,"Grupul parlamentar al Partidului Naţional Liberal"
"Marius Manolache","2012-12-19",,"Grupul parlamentar al Partidului Social Democrat"
"Mihai Baltă","2012-12-19",,"Grupul parlamentar al Partidului Social Democrat"
"Mihai Deaconu","2012-12-19",,"Grupul parlamentar Democrat şi Popular"
"Mihai Lupu","2012-12-19",,"Grupul parlamentar al Partidului Naţional Liberal"
"Mihai Tudose","2012-12-19",,"Grupul parlamentar al Partidului Social Democrat"
"Mihai Weber","2012-12-19",,"Grupul parlamentar al Partidului Social Democrat"
"Mihai Alexandru Voicu","2012-12-19",,"Grupul parlamentar al Partidului Naţional Liberal"
"Mihai-Aurel Donţu","2012-12-19",,"Grupul parlamentar al Partidului Naţional Liberal"
"Mihai-Răzvan Sturzu","2012-12-19",,"Grupul parlamentar al Partidului Social Democrat"
"Mihăiţă Calimente","2012-12-19",,"Grupul parlamentar al Partidului Naţional Liberal"
"Mihăiţă Găină","2012-12-19",,"Grupul parlamentar al Partidului Social Democrat"
"Mircea Dolha","2012-12-19",,"Grupul parlamentar al Partidului Naţional Liberal"
"Mircea Duşa","2012-12-19",,"Grupul parlamentar al Partidului Social Democrat"
"Mircea Roşca","2012-12-19",,"Grupul parlamentar al Partidului Naţional Liberal"
"Mircea-Gheorghe Drăghici","2012-12-19",,"Grupul parlamentar al Partidului Social Democrat"
"Mircea-Titus Dobre","2012-12-19",,"Grupul parlamentar al Partidului Social Democrat"
"Mircea-Vasile Cazan","2012-12-19",,"Grupul parlamentar al Partidului Naţional Liberal"
"Miron Ignat","2012-12-19",,"Grupul parlamentar al minorităţilor naţionale"
"Natalia-Elena Intotero","2012-12-19",,"Grupul parlamentar al Partidului Social Democrat"
"Nechita-Adrian Oros","2012-12-19",,"Grupul parlamentar al Partidului Naţional Liberal"
"Nechita-Stelian Dolha","2012-12-19",,"Grupul parlamentar al Partidului Naţional Liberal"
"Neculai Răţoi","2012-12-19",,"Grupul parlamentar al Partidului Social Democrat"
"Neviser Zaharcu","2012-12-19",,"Grupul parlamentar al Partidului Social Democrat"
"Nicolae Bănicioiu","2012-12-19",,"Grupul parlamentar al Partidului Social Democrat"
"Nicolae Păun","2012-12-19",,"Grupul parlamentar al minorităţilor naţionale"
"Nicolae-Ciprian Nica","2012-12-19",,"Grupul parlamentar al Partidului Social Democrat"
"Nicolae-Liviu Dragnea","2012-12-19",,"Grupul parlamentar al Partidului Social Democrat"
"Niculae Mircovici","2012-12-19",,"Grupul parlamentar al minorităţilor naţionale"
"Ninel Peia","2012-12-19",,"Grupul parlamentar al Partidului Social Democrat"
"Nini Săpunaru","2012-12-19",,"Grupul parlamentar al Partidului Naţional Liberal"
"Oana Manolescu","2012-12-19",,"Grupul parlamentar al minorităţilor naţionale"
"Octavian Petric","2012-12-19",,"Grupul parlamentar al Partidului Social Democrat"
"Octavian-Marius Popa","2012-12-19",,"Grupul parlamentar al Partidului Naţional Liberal"
"Ödön Szabó","2012-12-19",,"Grupul parlamentar al Uniunii Democrate Maghiare din România"
"Ovidiu-Cristian Iane","2012-12-19",,"Grupul parlamentar al Partidului Social Democrat"
"Ovidiu Victor Ganţ","2012-12-19",,"Grupul parlamentar al minorităţilor naţionale"
"Petre Daea","2012-12-19",,"Grupul parlamentar al Partidului Social Democrat"
"Petru Andea","2012-12-19",,"Grupul parlamentar al Partidului Social Democrat"
"Petru Gabriel Vlase","2012-12-19",,"Grupul parlamentar al Partidului Social Democrat"
"Radu Babuş","2012-12-19",,"Grupul parlamentar al Partidului Social Democrat"
"Radu Zlati","2012-12-19",,"Grupul parlamentar al Partidului Naţional Liberal"
"Radu Bogdan Ţîmpău","2012-12-19",,"Grupul parlamentar al Partidului Naţional Liberal"
"Radu Costin Vasilică","2012-12-19",,"Grupul parlamentar al Partidului Social Democrat"
"Raluca Surdu","2012-12-19",,"Grupul parlamentar al Partidului Naţional Liberal"
"Raluca-Cristina Ispir","2012-12-19",,"Grupul parlamentar al Partidului Naţional Liberal"
"Răzvan Horia Mironescu","2012-12-19",,"Grupul parlamentar al Partidului Naţional Liberal"
"Rodica Nassar","2012-12-19",,"Grupul parlamentar al Partidului Social Democrat"
"Rodin Traicu","2012-12-19",,"Grupul parlamentar al Partidului Social Democrat"
"Rovana Plumb","2012-12-19",,"Grupul parlamentar al Partidului Social Democrat"
"Roxana-Florentina Anuşca","2012-12-19",,"Grupul parlamentar al Partidului Naţional Liberal"
"Sebastian-Aurelian Ghiţă","2012-12-19",,"Grupul parlamentar al Partidului Social Democrat"
"Simona Bucura-Oprescu","2012-12-19",,"Grupul parlamentar al Partidului Social Democrat"
"Slavomir Gvozdenovici","2012-12-19",,"Grupul parlamentar al minorităţilor naţionale"
"Sonia-Maria Drăghici","2012-12-19",,"Grupul parlamentar al Partidului Social Democrat"
"Sorin-Avram Iacoban","2012-12-19",,"Grupul parlamentar al Partidului Social Democrat"
"Sorin Constantin Stragea","2012-12-19",,"Grupul parlamentar al Partidului Social Democrat"
"Sorin Mihai Grindeanu","2012-12-19",,"Grupul parlamentar al Partidului Social Democrat"
"Ştefan Burlacu","2012-12-19",,"Grupul parlamentar Democrat şi Popular"
"Ştefan-Alexandru Băişanu","2012-12-19",,"Grupul parlamentar al Partidului Naţional Liberal"
"Ştefan-Petru Dalca","2012-12-19",,"Grupul parlamentar Democrat şi Popular"
"Tamara-Dorina Ciofu","2012-12-19",,"Grupul parlamentar al Partidului Social Democrat"
"Toader Dima","2012-12-19",,"Grupul parlamentar al Partidului Social Democrat"
"Traian Dobrinescu","2012-12-19",,"Grupul parlamentar al Partidului Naţional Liberal"
"Valentin Rusu","2012-12-19",,"Grupul parlamentar al Partidului Naţional Liberal"
"Valentin Gabriel Boboc","2012-12-19",,"Grupul parlamentar al Partidului Social Democrat"
"Valeriu-Andrei Steriu","2012-12-19",,"Grupul parlamentar al Partidului Social Democrat"
"Valeriu Ştefan Zgonea","2012-12-19",,"Grupul parlamentar al Partidului Social Democrat"
"Varol Amet","2012-12-19",,"Grupul parlamentar al minorităţilor naţionale"
"Varujan Pambuccian","2012-12-19",,"Grupul parlamentar al minorităţilor naţionale"
"Vasile Berci","2012-12-19",,"Grupul parlamentar al Partidului Naţional Liberal"
"Vasile Horga","2012-12-19",,"Grupul parlamentar al Partidului Naţional Liberal"
"Vasile Popeangă","2012-12-19",,"Grupul parlamentar al Partidului Social Democrat"
"Vasile Varga","2012-12-19",,"Grupul parlamentar al Partidului Naţional Liberal"
"Vasile-Cătălin Drăguşanu","2012-12-19",,"Grupul parlamentar Liberal Conservator (PC-PLR)"
"Vasile-Daniel Suciu","2012-12-19",,"Grupul parlamentar al Partidului Social Democrat"
"Vasile Ghiorghe Gliga","2012-12-19",,"Grupul parlamentar al Partidului Social Democrat"
"Victor Cristea","2012-12-19",,"Grupul parlamentar al Partidului Social Democrat"
"Victor Roman","2012-12-19",,"Grupul parlamentar al Partidului Social Democrat"
"Victor-Gheorghe Manea","2012-12-19",,"Grupul parlamentar al Partidului Naţional Liberal"
"Victor Paul Dobre","2012-12-19",,"Grupul parlamentar al Partidului Naţional Liberal"
"Victor-Viorel Ponta","2012-12-19",,"Grupul parlamentar al Partidului Social Democrat"
"Violeta Tudorie","2012-12-19",,"Grupul parlamentar al Partidului Social Democrat"
"Viorel Ştefan","2012-12-19",,"Grupul parlamentar al Partidului Social Democrat"
"Viorel Marian Dragomir","2012-12-19",,"Grupul parlamentar al Partidului Social Democrat"
"Viorica Marcu","2012-12-19",,"Grupul parlamentar al Partidului Naţional Liberal"
"Virgil Delureanu","2012-12-19",,"Grupul parlamentar al Partidului Social Democrat"
"Vlad Marcoci","2012-12-19",,"Grupul parlamentar al Partidului Social Democrat"
"Vlad-Alexandru Cosma","2012-12-19",,"Grupul parlamentar al Partidului Social Democrat"
"Zisu Stanciu","2012-12-19",,"Grupul parlamentar al Partidului Social Democrat"
"Zsolt Molnar","2012-12-19",,"Grupul parlamentar al Uniunii Democrate Maghiare din România"
"Ioan Moldovan","2013-01-22",,"Grupul parlamentar Liberal Conservator (PC-PLR)"
"Vicenţiu-Mircea Irimie","2013-01-22",,"Grupul parlamentar Liberal Conservator (PC-PLR)"
"Romeo Florin Nicoară","2013-02-11",,"Grupul parlamentar al Partidului Naţional Liberal"
"Mihaela Stoica","2013-04-22",,"Deputaţi neafiliaţi"
"Cezar Cioată","2013-05-14",,"Grupul parlamentar Liberal Conservator (PC-PLR)"
"Gabriel Andronache","2013-05-21",,"Grupul parlamentar al Partidului Naţional Liberal"
"Remus-Florinel Cernea","2013-05-21",,"Deputaţi neafiliaţi"
"Sergiu-Constantin Vizitiu","2013-05-28",,"Grupul parlamentar al Partidului Social Democrat"
"Ion Melinte","2013-09-18",,"Grupul parlamentar al Partidului Social Democrat"
"Maria Grecea","2013-09-24",,"Grupul parlamentar al Partidului Naţional Liberal"
"Eugen Chebac","2013-09-30",,"Grupul parlamentar al Partidului Social Democrat"
"Constantin-Alin Bucur","2013-10-07",,"Grupul parlamentar al Partidului Social Democrat"
"Miron Alexandru Smarandache","2013-10-21",,"Grupul parlamentar al Partidului Social Democrat"
"Ion Cristinel Marian","2013-12-02",,"Grupul parlamentar Democrat şi Popular"
"Iacob Puşcaş","2013-12-17",,"Grupul parlamentar al Partidului Social Democrat"
"Ioan Hulea","2013-12-17",,"Grupul parlamentar al Partidului Social Democrat"
"Liviu Codîrlă","2013-12-17",,"Grupul parlamentar al Partidului Social Democrat"
"Neagu Murgu","2013-12-20",,"Grupul parlamentar al Partidului Social Democrat"
"Elena Gabriela Udrea","2014-02-03",,"Deputaţi neafiliaţi"
"Florin Aurelian Popescu","2014-02-03",,"Deputaţi neafiliaţi"
"Nuţu Fonta","2014-02-24",,"Grupul parlamentar al Partidului Social Democrat"
"Constantin Moisii","2014-03-03",,"Grupul parlamentar al Partidului Social Democrat"
"Titi Holban","2014-03-03",,"Grupul parlamentar al Partidului Social Democrat"
"Călin Potor","2014-03-18",,"Grupul parlamentar al Partidului Social Democrat"
"Ioan Mihăilă","2014-03-24",,"Grupul parlamentar al Partidului Social Democrat"
"Constantin-Cosmin Enea","2014-03-31",,"Grupul parlamentar al Partidului Social Democrat"
"Cornel-George Comşa","2014-03-31",,"Deputaţi neafiliaţi"
"Marioara Nistor","2014-05-28",,"Grupul parlamentar al Partidului Social Democrat"
"Adrian-Nicolae Diaconu","2014-06-01",,"Grupul parlamentar al Partidului Social Democrat"
"Mircia Muntean","2014-06-02",,"Grupul parlamentar al Partidului Social Democrat"
"Andrei Daniel Gheorghe","2014-06-11",,"Grupul parlamentar al Partidului Naţional Liberal"
"Florică Bîrsăşteanu","2014-06-11",,"Grupul parlamentar al Partidului Social Democrat"
"Laura Marin","2014-06-11",,"Grupul parlamentar al Partidului Social Democrat"
"Mario-Ernest Caloianu","2014-06-11",,"Grupul parlamentar al Partidului Social Democrat"
"Petru-Sorin Marica","2014-06-11",,"Grupul parlamentar al Partidului Social Democrat"
"Luminiţa-Pachel Adam","2014-06-18",,"Grupul parlamentar al Partidului Social Democrat"
"Ioana-Jenica Dumitru","2014-06-27",,"Grupul parlamentar al Partidului Social Democrat"
"Ioan Viorel Teodorescu","2014-07-23",,"Grupul parlamentar al Partidului Social Democrat"
"Aurel Niculae","2014-08-01",,"Grupul parlamentar al Partidului Social Democrat"
"Laurenţiu Ţigăeru Roşca","2014-08-11",,"Grupul parlamentar al Partidului Social Democrat"
"Andrei Dominic Gerea","2014-09-01",,"Grupul parlamentar Liberal Conservator (PC-PLR)"
"Constantin Galan","2014-09-01",,"Grupul parlamentar Liberal Conservator (PC-PLR)"
"Daniel Chiţoiu","2014-09-01",,"Grupul parlamentar Liberal Conservator (PC-PLR)"
"Dan-Laurenţiu Tocuţ","2014-09-01",,"Grupul parlamentar Liberal Conservator (PC-PLR)"
"Dorinel Ursărescu","2014-09-01",,"Grupul parlamentar Liberal Conservator (PC-PLR)"
"Florică Ică Calotă","2014-09-01",,"Grupul parlamentar Liberal Conservator (PC-PLR)"
"Gheorghe-Mirel Taloş","2014-09-01",,"Grupul parlamentar Liberal Conservator (PC-PLR)"
"Graţiela Leocadia Gavrilescu","2014-09-01",,"Grupul parlamentar Liberal Conservator (PC-PLR)"
"Ion Cupă","2014-09-01",,"Grupul parlamentar Liberal Conservator (PC-PLR)"
"Octavian Bot","2014-09-01",,"Grupul parlamentar Liberal Conservator (PC-PLR)"
"Ovidiu Ioan Silaghi","2014-09-01",,"Grupul parlamentar Liberal Conservator (PC-PLR)"
"Sorin Teju","2014-09-01",,"Grupul parlamentar Liberal Conservator (PC-PLR)"
"Steluţa-Gustica Cătăniciu","2014-09-01",,"Grupul parlamentar Liberal Conservator (PC-PLR)"
"Viorel Palaşcă","2014-09-01",,"Grupul parlamentar Liberal Conservator (PC-PLR)"
"Cristian-George Sefer","2014-09-06",,"Grupul parlamentar al Partidului Social Democrat"
"Florin Gheorghe","2014-09-09",,"Grupul parlamentar al Partidului Social Democrat"
"Ovidiu Alexandru Raeţchi","2014-09-30",,"Grupul parlamentar al Partidului Naţional Liberal"
"Mihai-Bogdan Diaconu","2014-10-13",,"Deputaţi neafiliaţi"
"Dan Bordeianu","2014-11-18",,"Grupul parlamentar al Partidului Social Democrat"
"Răzvan-Ionuţ Tănase","2014-11-19",,"Deputaţi neafiliaţi"
"Viorel-Ionel Blăjuţ","2014-12-03",,"Grupul parlamentar Democrat şi Popular"
"Liliana Ciobanu","2014-12-09",,"Deputaţi neafiliaţi"
"Maria Dragomir","2014-12-09",,"Deputaţi neafiliaţi"
"Valerian Vreme","2015-01-07",,"Grupul parlamentar al Partidului Social Democrat"
"Radu Stroe","2015-01-13",,"Grupul parlamentar al Partidului Social Democrat"
"Adriana Diana Tuşa","2015-02-02",,"Grupul parlamentar al Partidului Naţional Liberal"
"Alexandri Nicolae","2015-02-02",,"Grupul parlamentar al Partidului Naţional Liberal"
"Alexandru Nazare","2015-02-02",,"Grupul parlamentar al Partidului Naţional Liberal"
"Alin Augustin Florin Popoviciu","2015-02-02",,"Grupul parlamentar al Partidului Naţional Liberal"
"Aurelian Mihai","2015-02-02",,"Grupul parlamentar al Partidului Naţional Liberal"
"Cătălin-Florin Teodorescu","2015-02-02",,"Grupul parlamentar al Partidului Naţional Liberal"
"Cezar-Florin Preda","2015-02-02",,"Grupul parlamentar al Partidului Naţional Liberal"
"Claudia Boghicevici","2015-02-02",,"Grupul parlamentar al Partidului Naţional Liberal"
"Constantin Dascălu","2015-02-02",,"Grupul parlamentar al Partidului Naţional Liberal"
"Cornel-Mircea Sămărtinean","2015-02-02",,"Grupul parlamentar al Partidului Naţional Liberal"
"Costică Canacheu","2015-02-02",,"Grupul parlamentar al Partidului Naţional Liberal"
"Cristian-Constantin Roman","2015-02-02",,"Grupul parlamentar al Partidului Naţional Liberal"
"Dan-Cristian Popescu","2015-02-02",,"Grupul parlamentar al Partidului Naţional Liberal"
"Dragoş-Ionel Gunia","2015-02-02",,"Grupul parlamentar al Partidului Naţional Liberal"
"Dumitru Chiriţă","2015-02-02",,"Deputaţi neafiliaţi"
"Eusebiu-Manea Pistru-Popa","2015-02-02",,"Grupul parlamentar al Partidului Naţional Liberal"
"Florentin Gust Băloşin","2015-02-02",,"Deputaţi neafiliaţi"
"George Ionescu","2015-02-02",,"Grupul parlamentar al Partidului Naţional Liberal"
"Gheorghe Ialomiţianu","2015-02-02",,"Grupul parlamentar al Partidului Naţional Liberal"
"Gheorghe Udrişte","2015-02-02",,"Grupul parlamentar al Partidului Naţional Liberal"
"Ioan Balan","2015-02-02",,"Grupul parlamentar al Partidului Naţional Liberal"
"Ioan Oltean","2015-02-02",,"Grupul parlamentar al Partidului Naţional Liberal"
"Ion Şcheau","2015-02-02",,"Grupul parlamentar al Partidului Naţional Liberal"
"Ionaş-Florin Urcan","2015-02-02",,"Grupul parlamentar al Partidului Naţional Liberal"
"Iulian Vladu","2015-02-02",,"Grupul parlamentar al Partidului Naţional Liberal"
"Liviu Laza-Matiuţa","2015-02-02",,"Grupul parlamentar al Partidului Naţional Liberal"
"Lucian Militaru","2015-02-02",,"Grupul parlamentar al Partidului Naţional Liberal"
"Lucian Nicolae Bode","2015-02-02",,"Grupul parlamentar al Partidului Naţional Liberal"
"Maria-Andreea Paul","2015-02-02",,"Grupul parlamentar al Partidului Naţional Liberal"
"Mircea Lubanovici","2015-02-02",,"Grupul parlamentar al Partidului Naţional Liberal"
"Mircea Man","2015-02-02",,"Grupul parlamentar al Partidului Naţional Liberal"
"Mircea-Nicu Toader","2015-02-02",,"Grupul parlamentar al Partidului Naţional Liberal"
"Niculina Mocioi","2015-02-02",,"Grupul parlamentar al Partidului Naţional Liberal"
"Ovidiu-Ioan Dumitru","2015-02-02",,"Grupul parlamentar al Partidului Naţional Liberal"
"Paul Dumbrăvanu","2015-02-02",,"Deputaţi neafiliaţi"
"Petre Petrescu","2015-02-02",,"Deputaţi neafiliaţi"
"Raluca Turcan","2015-02-02",,"Grupul parlamentar al Partidului Naţional Liberal"
"Roberta Alma Anastase","2015-02-02",,"Grupul parlamentar al Partidului Naţional Liberal"
"Sanda-Maria Ardeleanu","2015-02-02",,"Grupul parlamentar al Partidului Naţional Liberal"
"Scarlat Iriza","2015-02-02",,"Deputaţi neafiliaţi"
"Theodor Paleologu","2015-02-02",,"Grupul parlamentar al Partidului Naţional Liberal"
"Tinel Gheorghe","2015-02-02",,"Grupul parlamentar al Partidului Naţional Liberal"
"Valeria-Diana Schelean","2015-02-02",,"Grupul parlamentar al Partidului Naţional Liberal"
"Vasile Gudu","2015-02-02",,"Grupul parlamentar al Partidului Naţional Liberal"
"Vasile Iliuţă","2015-02-02",,"Grupul parlamentar al Partidului Naţional Liberal"
"Camelia-Margareta Bogdănici","2015-02-09",,"Grupul parlamentar al Partidului Social Democrat"
"Florin Mihail Secară","2015-03-04",,"Grupul parlamentar al Partidului Naţional Liberal"
"Mihai Tararache","2015-03-04",,"Grupul parlamentar al Partidului Naţional Liberal"
"Marin Anton","2015-03-09",,"Grupul parlamentar al Partidului Social Democrat"
"Ion Pârgaru","2015-03-30",,"Grupul parlamentar al Partidului Social Democrat"
"Romeo Rădulescu","2015-03-31",,"Deputaţi neafiliaţi"
"Andrei-Răzvan Condurăţeanu","2015-04-01",,"Deputaţi neafiliaţi"
"Florian Daniel Geantă","2015-04-20",,"Grupul parlamentar al Partidului Social Democrat"
"Răzvan Rotaru","2015-04-28",,"Grupul parlamentar Democrat şi Popular"
"Tudor Ciuhodaru","2015-04-29",,"Grupul parlamentar al Partidului Social Democrat"
"Dumitru Niculescu","2015-05-25",,"Grupul parlamentar al Partidului Social Democrat"
"Adrian Gurzău","2015-06-03",,"Deputaţi neafiliaţi"
"Clement Negruţ","2015-06-03",,"Deputaţi neafiliaţi"
"Eugen Tomac","2015-06-03",,"Deputaţi neafiliaţi"
"Petru Movilă","2015-06-03",,"Deputaţi neafiliaţi"
"Gheorghe Roman","2015-06-16",,"Grupul parlamentar al Partidului Naţional Liberal"
"Radu Mihai Popa","2015-06-17",,"Grupul parlamentar Democrat şi Popular"
"Marian Avram","2015-06-24",,"Grupul parlamentar al Partidului Naţional Liberal"
"Virgil Guran","2015-06-26",,"Grupul parlamentar al Partidului Naţional Liberal"
"Valentin Blănariu","2015-06-29",,"Grupul parlamentar al Partidului Social Democrat"
